country,year,PrimaryEnergyProduction,FinalEnergyConsumption,Exports,Imports,NetTrade
AUT,1990,94623.139,208914.111,14226.259,217102.238,-202875.979
AUT,1991,97489.75,225737.683,14117.666,223735.716,-209618.05
AUT,1992,99956.123,220061.112,15339.434,222236.429,-206896.995
AUT,1993,102442.643,224114.636,18497.768,219544.766,-201046.998
AUT,1994,98181.856,218885.179,22243.056,221059.753,-198816.697
AUT,1995,102123.494,229092.04,21413.25,232724.924,-211311.674
AUT,1996,101010.969,248958.967,23506.166,258739.594,-235233.428
AUT,1997,101310.644,243008.557,27050.383,253896.633,-226846.25
AUT,1998,103311.633,250415.877,30867.487,271114.965,-240247.478
AUT,1999,113464.729,253227.268,34614.294,257629.006,-223014.712
AUT,2000,113968.667,253652.508,34710.448,257635.137,-222924.689
AUT,2001,114088.552,270081.312,40326.768,273681.196,-233354.428
AUT,2002,114343.454,272699.87,41149.851,286624.814,-245474.963
AUT,2003,110296.162,288433.569,45139.1,314801.478,-269662.378
AUT,2004,114472.673,292038.019,51571.637,326613.679,-275042.042
AUT,2005,115000.477,299177.947,47084.289,334195.315,-287111.026
AUT,2006,120117.244,299861.858,38614.345,330282.635,-291668.29
AUT,2007,127362.837,294655.557,45452.897,317176.391,-271723.494
AUT,2008,129911.943,295215.104,48449.491,323384.3,-274934.809
AUT,2009,136122.98,287061.657,48748.58,296037.923,-247289.343
AUT,2010,140909.11,301900.998,47955.359,302444.038,-254488.679
AUT,2011,133067.706,291829.955,47535.014,322952.128,-275417.114
AUT,2012,149512.976,293091.452,54067.142,304362.953,-250295.811
AUT,2013,144142.792,300071.161,51555.857,294758.024,-243202.167
AUT,2014,143246.035,287970.408,53741.713,305130.863,-251389.15
AUT,2015,142212.451,296274.35,58172.866,295111.273,-236938.407
AUT,2016,146122.161,303536.854,57474.653,304551.683,-247077.03
AUT,2017,146950.549,308227.334,61484.878,320411.019,-258926.141
AUT,2018,139905.043,302873.54,64236.713,318399.078,-254162.365
AUT,2019,144400.713,304957.451,65538.201,355183.793,-289645.592
AUT,2020,144337.437,289272.208,63977.956,283791.016,-219813.06
AUT,2021,147404.884,307153.373,62652.917,269012.198,-206359.281
AUT,2022,142176.158,290654.357,48203.319,329637.011,-281433.692
AUT,2023,150830.864,277558.99,57428.044,281928.344,-224500.3
BEL,1990,144453.168,330464.804,242177.206,704627.013,-462449.807
BEL,1991,142454.291,348200.881,250846.398,744216.681,-493370.283
BEL,1992,141805.192,350916.864,252496.813,757689.333,-505192.52
BEL,1993,134081.333,347129.988,240106.721,725723.177,-485616.456
BEL,1994,130191.972,353682.831,243363.669,774883.91,-531520.241
BEL,1995,133976.111,363532.757,227397.258,773818.834,-546421.576
BEL,1996,139479.444,387137.413,257003.393,833692.568,-576689.175
BEL,1997,151858.5,379346.273,259782.835,829106.364,-569323.529
BEL,1998,148870.833,387543.245,262787.786,864199.48,-601411.694
BEL,1999,157988.417,384929.787,277224.738,844906.552,-567681.814
BEL,2000,155851.556,391183.431,291788.861,880655.864,-588867.003
BEL,2001,152206.944,410456.527,276583.838,878593.482,-602009.644
BEL,2002,154456.722,390902.842,291812.333,866355.897,-574543.564
BEL,2003,157051.722,404664.778,289087.042,908065.235,-618978.193
BEL,2004,158679.602,401739.863,311922.588,937041.964,-625119.376
BEL,2005,160885.648,397733.874,318269.933,940196.969,-621927.036
BEL,2006,159783.248,392256.715,301858.75,920136.39,-618277.64
BEL,2007,167270.605,378222.053,312098.801,909854.227,-597755.426
BEL,2008,162845.081,394054.869,307941.066,956881.753,-648940.687
BEL,2009,167895.062,382796.344,334638.975,896471.885,-561832.91
BEL,2010,173903.259,411791.086,334278.615,958788.965,-624510.35
BEL,2011,175545.339,378689.553,344033.44,908642.252,-564608.812
BEL,2012,156718.011,383556.625,345176.978,883612.074,-538435.096
BEL,2013,166046.724,395555.181,345789.114,913002.201,-567213.087
BEL,2014,140699.975,366937.214,367327.564,917598.06,-550270.496
BEL,2015,119224.334,385279.564,364757.903,947631.021,-582873.118
BEL,2016,170553.279,388308.377,363424.788,921435.101,-558010.313
BEL,2017,168503.615,382961.194,411135.228,971073.381,-559938.153
BEL,2018,131042.951,385416.963,402695.766,1020743.699,-618047.933
BEL,2019,176078.741,377244.256,442314.505,1023186.129,-580871.624
BEL,2020,154407.794,359094.992,369281.978,894652.063,-525370.085
BEL,2021,201525.539,384245.335,414200.836,945239.259,-531038.423
BEL,2022,184186.267,353295.552,439700.972,955809.545,-516108.573
BEL,2023,157644.466,346969.529,456358.023,952612.39,-496254.367
BGR,1990,107695.571,185601.676,10497.053,218962.327,-208465.274
BGR,1991,98487.879,138556.553,1563.017,170074.257,-168511.24
BGR,1992,102037.523,121937.584,3129.133,141481.266,-138352.133
BGR,1993,107328.423,118097.784,8307.316,162346.454,-154039.138
BGR,1994,109049.002,118611.468,23870.918,164298.533,-140427.615
BGR,1995,119161.631,124760.205,26504.399,184114.385,-157609.986
BGR,1996,123836.225,128131.965,21771.312,175014.59,-153243.278
BGR,1997,118326.78,118430.761,22375.918,147485.493,-125109.575
BGR,1998,118454.045,115074.279,19428.611,137481.419,-118052.808
BGR,1999,105991.657,100739.384,23741.194,127316.118,-103574.924
BGR,2000,114690.134,99956.574,30574.597,131506.896,-100932.299
BGR,2001,120133.641,100001.52,32516.556,137537.181,-105020.625
BGR,2002,123064.484,99829.94,27717.207,131893.217,-104176.01
BGR,2003,118289.416,106376.649,26122.763,132511.105,-106388.342
BGR,2004,119393.061,106474.073,34355.771,141638.381,-107282.61
BGR,2005,123777.942,111670.666,39262.756,150449.05,-111186.294
BGR,2006,128306.723,115754.938,52308.926,164107.291,-111798.365
BGR,2007,115480.526,114264.824,52465.095,174034.298,-121569.203
BGR,2008,119127.255,111899.186,53129.581,175396.11,-122266.529
BGR,2009,112861.858,98528.734,45011.929,138859.889,-93847.96
BGR,2010,121565.28,101173.927,52452.51,136552.967,-84100.457
BGR,2011,142356.854,106124.967,55445.112,137788.764,-82343.652
BGR,2012,135907.616,105872.176,60943.957,140071.199,-79127.242
BGR,2013,124076.686,100957.206,63051.862,139582.317,-76530.455
BGR,2014,131507.128,103291.851,62466.316,135911.462,-73445.146
BGR,2015,139936.109,109188.868,68944.904,148494.978,-79550.074
BGR,2016,131104.64,110693.751,66282.169,148480.117,-82197.948
BGR,2017,136391.678,113344.852,67610.095,154661.849,-87051.754
BGR,2018,139064.278,113481.707,54246.848,134872.856,-80626.008
BGR,2019,135963.992,113038.95,62121.52,145976.423,-83854.903
BGR,2020,125964.017,110481.029,43266.465,122277.536,-79011.071
BGR,2021,141152.439,118227.903,36018.498,117522.344,-81503.846
BGR,2022,152976.569,114635.774,64975.653,149715.989,-84740.336
BGR,2023,121926.094,110718.555,51741.309,131658.122,-79916.813
CYP,1990,71.389,9920.896,0,19157.436,-19157.436
CYP,1991,64.444,11547.124,0,20457.664,-20457.664
CYP,1992,63.889,12012.409,0,22283.066,-22283.066
CYP,1993,63.611,12365.875,0,23894.661,-23894.661
CYP,1994,136.111,12834.633,0,25307.524,-25307.524
CYP,1995,493.611,13397.414,0,23854.699,-23854.699
CYP,1996,501.944,14138.704,246.907,25873.777,-25626.87
CYP,1997,484.167,14204.544,0,25060.272,-25060.272
CYP,1998,499.722,14861.538,0,26462.717,-26462.717
CYP,1999,507.778,15294.946,0,28688.294,-28688.294
CYP,2000,514.722,15902.914,0,29990.021,-29990.021
CYP,2001,517.222,16028.634,0,29485.143,-29485.143
CYP,2002,520.278,16333.268,0,30446.019,-30446.019
CYP,2003,559.444,17241.729,0,31330.845,-31330.845
CYP,2004,583.307,17721.905,0,28504.798,-28504.798
CYP,2005,593.421,17764.671,0,33206.917,-33206.917
CYP,2006,599.69,18017.595,0,35059.769,-35059.769
CYP,2007,854.525,18908.493,0,33885.04,-33885.04
CYP,2008,983.869,19470.638,0,35956.734,-35956.734
CYP,2009,1051.378,19327.317,0,34251.22,-34251.22
CYP,2010,1081.826,19140.518,0,34469.736,-34469.736
CYP,2011,1178.727,18773.291,0,31226.69,-31226.69
CYP,2012,1316.41,17361.253,0,30782.804,-30782.804
CYP,2013,1333.044,15961.653,0,27266.958,-27266.958
CYP,2014,1420.607,16018.554,0,26816.988,-26816.988
CYP,2015,1523.148,16560.224,281.75,29050.956,-28769.206
CYP,2016,1610.401,17335.75,200.399,30856.297,-30655.898
CYP,2017,1682.884,18044.478,0,31536.554,-31536.554
CYP,2018,2287.738,18390.206,0,31220.743,-31220.743
CYP,2019,2423.421,18917.965,0,31333.486,-31333.486
CYP,2020,2505.87,17746.595,0,27726.446,-27726.446
CYP,2021,2765.235,18433.149,392.69,28108.694,-27716.004
CYP,2022,2989.639,18719.597,209.193,30807.019,-30597.826
CYP,2023,3121.174,18829.558,0,30504.649,-30504.649
CZE,1990,477775.208,362561.85,169287.982,257541.693,-88253.711
CZE,1991,449556.708,326446.436,100678.519,183019.167,-82340.648
CZE,1992,425867.107,322551.211,96997.799,177636.848,-80639.049
CZE,1993,419718.576,314678.831,99649.663,178344.405,-78694.742
CZE,1994,389365.902,294695.444,101449.53,190900.877,-89451.347
CZE,1995,375840.777,291372.057,105970.113,205588.348,-99618.235
CZE,1996,380777.467,296038.969,106610.905,227690.313,-121079.408
CZE,1997,388413.676,292241.316,100673.687,222009.761,-121336.074
CZE,1998,369118.854,281257.393,99505.6,221862.913,-122357.313
CZE,1999,335831.636,271182.888,97512.812,211511.009,-113998.197
CZE,2000,358337.088,279015.822,98632.193,207654.892,-109022.699
CZE,2001,366495.694,284834.058,98648.219,221880.504,-123232.285
CZE,2002,368886.22,277767.456,95397.34,226248.905,-130851.565
CZE,2003,392521.646,290096.465,100363.353,230364.549,-130001.196
CZE,2004,389491.481,291986.214,93940.614,229453.102,-135512.488
CZE,2005,386500.467,289459.721,96768.384,244231.029,-147462.645
CZE,2006,394012.805,292543.006,105160.218,254077.167,-148916.949
CZE,2007,395316.733,286250.145,105647.452,240691.032,-135043.58
CZE,2008,385805.059,286071.28,99140.304,246270.308,-147130.004
CZE,2009,367302.287,276739.676,101697.819,235560.061,-133862.242
CZE,2010,370549.538,280528.909,105825.361,240023.883,-134198.522
CZE,2011,376567.104,271409.994,102314.983,248569.671,-146254.688
CZE,2012,376430.258,271284.039,100775.913,228579.554,-127803.641
CZE,2013,352539.479,269017.913,97215.251,236570.423,-139355.172
CZE,2014,343066.58,261042.247,97533.846,245222.519,-147688.673
CZE,2015,332067.181,268654.098,98026.24,254962.328,-156936.088
CZE,2016,314382.925,275573.15,92385.688,251299.688,-158914
CZE,2017,318210.319,284299.955,89984.427,277827.385,-187842.958
CZE,2018,317996.803,281340.91,81287.45,268454.683,-187167.233
CZE,2019,309329.219,281765.993,75126.405,278897.085,-203770.68
CZE,2020,273312.476,276387.146,64371.406,246160.611,-181789.205
CZE,2021,283392.483,294203.271,78267.987,276824.573,-198556.586
CZE,2022,294007.358,280787.762,75785.939,279101.085,-203315.146
CZE,2023,269432.441,264298.202,66161.353,252460.437,-186299.084
DEU,1990,2170227.607,2543117.158,255270.938,2193760.84,-1938489.902
DEU,1991,1957915.754,2526765.517,198224.979,2299713.666,-2101488.687
DEU,1992,1898446.88,2447989.029,236016.166,2415242.348,-2179226.182
DEU,1993,1767920.326,2467317.011,242875.168,2441552.109,-2198676.941
DEU,1994,1688022.39,2410843.386,277323.562,2516476.976,-2239153.414
DEU,1995,1685231.849,2449185.813,263237.279,2528841.137,-2265603.858
DEU,1996,1664017.861,2560694.864,276063.444,2695844.492,-2419781.048
DEU,1997,1667773.426,2508347.594,276136.533,2705494.696,-2429358.163
DEU,1998,1579036.828,2490197.496,278064.012,2759080.448,-2481016.436
DEU,1999,1593600.948,2441785.011,311489.892,2671375.97,-2359886.078
DEU,2000,1572789.195,2409386.132,354877.987,2737325.695,-2382447.708
DEU,2001,1564636.872,2456370.69,338572.563,2849183.054,-2510610.491
DEU,2002,1562901.713,2418259.728,347709.699,2773196.856,-2425487.157
DEU,2003,1581928.856,2467373.154,413084.377,2862650.735,-2449566.358
DEU,2004,1604903.309,2449838.172,491481.206,2984168.355,-2492687.149
DEU,2005,1602415.017,2410759.158,585534.59,3050647.357,-2465112.767
DEU,2006,1633457.261,2474388.017,559596.551,3110075.445,-2550478.894
DEU,2007,1611303.564,2321186.686,572184.387,2903247.88,-2331063.493
DEU,2008,1584984.069,2423513.927,530982.02,2981368.57,-2450386.55
DEU,2009,1499892.751,2287950.967,466755.247,2770926.737,-2304171.49
DEU,2010,1531337.186,2441405.535,505641.244,2884973.084,-2379331.84
DEU,2011,1455381.768,2317772.208,474368.908,2799378.904,-2325009.996
DEU,2012,1470127.528,2356965.292,483343.987,2805300.594,-2321956.607
DEU,2013,1441622.624,2419707.803,555283.092,2972825.412,-2417542.32
DEU,2014,1407787.085,2293773.49,583063.738,2874040.337,-2290976.599
DEU,2015,1401944.285,2326363.971,703550.334,3019584.937,-2316034.603
DEU,2016,1347519.701,2368646.992,606609.306,3000311.297,-2393701.991
DEU,2017,1343934.863,2378477.963,703844.341,3115981.413,-2412137.072
DEU,2018,1317882.525,2333961.821,387417.033,2724407.814,-2336990.781
DEU,2019,1224359.001,2335354.497,375240.511,2788984.414,-2413743.903
DEU,2020,1138619.303,2259104.879,375224.364,2494739.48,-2119515.116
DEU,2021,1205210.693,2297731.144,417738.546,2612994.79,-2195256.244
DEU,2022,1130301.465,2206192.637,448586.154,2713929.284,-2265343.13
DEU,2023,967173.297,2090167.845,393289.8,2392491.599,-1999201.799
DNK,1990,117873.722,150321.5,83932.763,184099.978,-100167.215
DNK,1991,139221.917,159649.625,108447.417,203748.117,-95300.7
DNK,1992,150897.417,157248.922,120508.807,206135.315,-85626.508
DNK,1993,162260.917,162875.367,131825.984,198053.351,-66227.367
DNK,1994,176300.599,162581.748,145179.261,214069.08,-68889.819
DNK,1995,182087.393,165924.169,129431.126,214017.813,-84586.687
DNK,1996,206256.055,172589.622,157943.789,219893.003,-61949.214
DNK,1997,236278.705,168445.985,178444.221,219661.844,-41217.623
DNK,1998,237998.536,167554.339,175048.369,189518.708,-14470.339
DNK,1999,277525.278,166599.206,217663.931,175781.405,41882.526
DNK,2000,323499.421,163023.122,256328.271,169476.564,86851.707
DNK,2001,316336.437,167604.611,234375.936,163900.164,70475.772
DNK,2002,333012.762,165006.89,255853.646,154199.854,101653.792
DNK,2003,331695.341,168593.279,254041.739,173977.906,80063.833
DNK,2004,362200.195,170107.431,283437.409,167826.983,115610.426
DNK,2005,364519.103,171267.748,283142.285,161913.136,121229.149
DNK,2006,344255.985,173268.17,262031.141,170201.894,91829.247
DNK,2007,315671.203,173740.915,227796.678,166208.208,61588.47
DNK,2008,310084.95,171607.575,235534.656,183588.73,51945.926
DNK,2009,279014.329,164512.113,214061.007,170442.518,43618.489
DNK,2010,271700.298,172704.524,204185.75,164496.652,39689.098
DNK,2011,240210.645,164172.528,198971.434,184544.689,14426.745
DNK,2012,219461.388,158305.142,190576.645,183676.916,6899.72899999999
DNK,2013,195195.82,156546.144,191370.302,218431.757,-27061.455
DNK,2014,188663.31,150400.607,179427.032,205129.079,-25702.047
DNK,2015,187902.141,156567.545,191356.644,218781.409,-27424.765
DNK,2016,177776.529,160076.636,183094.889,212156.416,-29061.527
DNK,2017,181818.548,160691.249,162551.309,186828.975,-24277.666
DNK,2018,161399.135,160398.228,137973.757,186798.498,-48824.741
DNK,2019,145195.47,157457.112,128285.688,210151.328,-81865.64
DNK,2020,110671.106,151993.591,125200.865,211777.242,-86576.377
DNK,2021,111000.019,160278.905,131447.456,196732.934,-65285.478
DNK,2022,115989.947,151470.009,118944.498,203026.542,-84082.044
DNK,2023,114626.852,151177.876,178684.089,253753.634,-75069.545
EST,1990,72782.212,61635.383,9094.222,61196.264,-52102.042
EST,1991,63859.464,60541.258,8146.108,54164.278,-46018.17
EST,1992,53073.698,39822.707,4776.756,31497.694,-26720.938
EST,1993,43498.986,33945.188,3396.471,27083.306,-23686.835
EST,1994,47398.382,33496.485,3778.707,28405.097,-24626.39
EST,1995,46235.525,30446.019,3368.048,25288.99,-21920.942
EST,1996,49757.416,33504.312,3881.738,24935.814,-21054.076
EST,1997,48465.19,33008.725,4583.07,25026.201,-20443.131
EST,1998,40257.684,30473.854,2315.369,25719.413,-23404.044
EST,1999,38022.131,28076.7,2165.429,22855.972,-20690.543
EST,2000,39331.119,28010.8,3472.18,22496.505,-19024.325
EST,2001,39604.399,30792.665,3527.817,23431.528,-19903.711
EST,2002,40445.674,30267.588,4091.294,21829.781,-17738.487
EST,2003,45688.141,31539.73,5478.707,23107.23,-17628.523
EST,2004,46257.696,32235.114,6197.268,25608.696,-19411.428
EST,2005,46985.626,32681.933,6258.979,23807.256,-17548.277
EST,2006,46614.945,32906.261,6144.296,25904.419,-19760.123
EST,2007,54824.73,35164.05,9421.861,28113.915,-18692.054
EST,2008,48926.061,34772.297,7525.964,26015.382,-18489.418
EST,2009,44142.617,31686.413,9186.141,23896.638,-14710.497
EST,2010,58739.659,33476.822,11117.035,21599.466,-10482.431
EST,2011,59028.353,32351.044,12177.843,21625.333,-9447.49
EST,2012,55254.672,32880.631,22349.684,35988.468,-13638.784
EST,2013,62861.167,33032.873,18514.922,29145.741,-10630.819
EST,2014,62030.667,32265.673,23787.982,31721.933,-7933.951
EST,2015,56867.827,31986.517,23321.938,30000.686,-6678.748
EST,2016,61339.574,32503.93,24269.566,30174.742,-5905.176
EST,2017,68987.381,32650.217,26446.212,29769.554,-3323.342
EST,2018,69630.789,33588.58,31760.027,32620.756,-860.729000000003
EST,2019,59179.07,32867.087,29136.309,31938.589,-2802.28
EST,2020,51097.797,31697.521,32403.987,38268.995,-5865.008
EST,2021,51258.931,32443.721,35865.301,36671.306,-806.004999999997
EST,2022,54569.833,31642.188,27815.913,31514.491,-3698.578
EST,2023,53506.396,29832.609,25745.87,27558.403,-1812.533
GRC,1990,106978.653,161522.031,88203.817,266195.896,-177992.079
GRC,1991,105080.17,166380.231,60178.228,240916.395,-180738.167
GRC,1992,104156.484,167085.698,63192.94,267644.142,-204451.202
GRC,1993,104412.32,167012.011,43793.904,242801.958,-199008.054
GRC,1994,106416.626,168924.338,51572.269,233022.179,-181449.91
GRC,1995,108141.814,173974.354,48778.329,258036.054,-209257.725
GRC,1996,106070.575,187309.457,56157.604,271705.95,-215548.346
GRC,1997,111509.067,193527.55,45970.357,266786.654,-220816.297
GRC,1998,114731.414,203535.584,39357.2,282209.099,-242851.899
GRC,1999,111271.138,201609.22,46501.419,273925.428,-227424.009
GRC,2000,116808.6,208341.24,50338.721,303322.853,-252984.132
GRC,2001,116572.705,216075.412,47382.305,304447.148,-257064.843
GRC,2002,119696.399,220220.727,51365.038,318985.383,-267620.345
GRC,2003,115987.771,232063.147,72646.312,332047.861,-259401.549
GRC,2004,120584.866,229190.508,69361.404,353383.799,-284022.395
GRC,2005,120692.138,235217.302,71606.654,340729.167,-269122.513
GRC,2006,117847.777,240414.775,85067.245,369840.892,-284773.647
GRC,2007,118624.769,245636.112,89944.958,373291.852,-283346.894
GRC,2008,115194.499,237476.699,89429.451,382066.823,-292637.372
GRC,2009,117813.936,229485.28,106069.757,364028.737,-257958.98
GRC,2010,110411.292,213687.286,114365.894,362083.387,-247717.493
GRC,2011,112568.209,211495.41,116371.532,344208.786,-227837.254
GRC,2012,121839.144,190766.719,149959.823,376098.258,-226138.435
GRC,2013,108922.748,170592.758,170020.129,358100.212,-188080.083
GRC,2014,103037.483,172171.821,182847.251,379697.472,-196850.221
GRC,2015,99200.407,183068.078,191581.561,405350.814,-213769.253
GRC,2016,78753.307,184544.258,214605.744,429766.096,-215160.352
GRC,2017,87114.8,182690.136,226288.196,446215.406,-219927.21
GRC,2018,87628.556,176097.226,239092.491,453008.954,-213916.463
GRC,2019,74072.439,178950.804,217197.997,441895.51,-224697.513
GRC,2020,57569.107,168289.213,223450.915,432472.048,-209021.133
GRC,2021,60394.121,173425.868,250535.121,450752.935,-200217.814
GRC,2022,61222.11,179098.227,217232.521,437322.169,-220089.648
GRC,2023,61070.36,174329.715,217824.604,419676.332,-201851.728
ESP,1990,399577.798,639071.473,146265.139,818266.175,-672001.036
ESP,1991,396542.275,665705.041,162114.944,866980.728,-704865.784
ESP,1992,389526.99,674671.559,149330.25,901512.962,-752182.712
ESP,1993,380422.693,664402.511,148542.028,859264.669,-710722.641
ESP,1994,372414.606,696521.255,135335.528,908875.066,-773539.538
ESP,1995,364382.726,712086.564,104531.528,989735.87,-885204.342
ESP,1996,378148.804,730372.493,101788.028,972464.176,-870676.148
ESP,1997,366635.137,758872.512,101507.472,1046125.113,-944617.641
ESP,1998,374159.595,800395.141,113257.917,1146709.376,-1033451.459
ESP,1999,354646.642,828721.333,91271.5,1203270.659,-1111999.159
ESP,2000,364259.174,887807.058,101284.694,1262710.988,-1161426.294
ESP,2001,386532.562,931399.251,85889.819,1251648.451,-1165758.632
ESP,2002,365591.562,947839.135,83455.83,1343484.284,-1260028.454
ESP,2003,381045.942,1007368.564,95246.889,1366581.911,-1271335.022
ESP,2004,376337.587,1052939.836,113495.583,1457392.484,-1343896.901
ESP,2005,348911.33,1089869.798,114541.583,1559525.728,-1444984.145
ESP,2006,362519.784,1063346.264,136810.083,1582707.261,-1445897.178
ESP,2007,350466.136,1091648.056,156126.899,1593478.963,-1437352.064
ESP,2008,351019.409,1052139.709,155677.181,1583532.478,-1427855.297
ESP,2009,354885.203,979243.363,168836.957,1454547.391,-1285710.434
ESP,2010,401798.605,994360.197,177778.949,1418435.278,-1240656.329
ESP,2011,373790.921,958201.936,199891.102,1420821.578,-1220930.476
ESP,2012,390848.115,918766.1,295859.352,1459735.428,-1163876.076
ESP,2013,405374.442,884526.387,347787.771,1389506.486,-1041718.715
ESP,2014,413677.608,873919.863,373954.071,1437865.547,-1063911.476
ESP,2015,396792.368,891661.838,352486.969,1455647.246,-1103160.277
ESP,2016,399873.91,911506.815,360322.319,1453046.465,-1092724.146
ESP,2017,394980.288,935267.747,382134.879,1560563.279,-1178428.4
ESP,2018,399354.313,956862.392,368619.496,1543740.615,-1175121.119
ESP,2019,403232.004,956036.407,342048.168,1511522.342,-1169474.174
ESP,2020,411914.739,850360.432,336658.498,1269698.168,-933039.67
ESP,2021,413890.132,921446.248,347460.859,1359411.365,-1011950.506
ESP,2022,418196.31,914604.109,367756.686,1476680.785,-1108924.099
ESP,2023,435362.1,903045.134,400350.69,1392833.545,-992482.855
FIN,1990,139915.622,243731.869,20235.608,227533.419,-207297.811
FIN,1991,129306.742,239081.83,36742.444,232036.053,-195293.609
FIN,1992,140386.205,238706.734,46045.366,227294.165,-181248.799
FIN,1993,136764.894,239403.23,41136.167,231541.666,-190405.499
FIN,1994,150590.695,251829.964,45193.621,283469.772,-238276.151
FIN,1995,152460.004,247918.044,48224.376,231869.07,-183644.694
FIN,1996,157732.538,253016.783,59538.25,262365.771,-202827.521
FIN,1997,174634.541,260051.082,50252.5,265531.273,-215278.773
FIN,1998,157816.792,269728.722,56882.556,263979.472,-207096.916
FIN,1999,178911.473,270990.833,60227.278,257258.794,-197031.516
FIN,2000,173394.057,270769.116,59745.993,275500.456,-215754.463
FIN,2001,178436.2,276671.876,59937.624,279974.061,-220036.437
FIN,2002,187144.143,283924.577,65035.137,284381.556,-219346.419
FIN,2003,185125.147,287522.041,72749.257,333448.655,-260699.398
FIN,2004,184584.403,289958.986,73408.616,316896.138,-243487.522
FIN,2005,194125.536,279274.818,61621.684,285537.577,-223915.893
FIN,2006,211812.094,293474.656,69350.927,311514.483,-242163.556
FIN,2007,187763.125,293971.058,78955.099,313837.739,-234882.64
FIN,2008,191534.099,282868.646,84523.849,315009.801,-230485.952
FIN,2009,188964.562,265057.279,84102.519,299911.332,-215808.813
FIN,2010,198717.872,291254.084,88259.098,298492.609,-210233.511
FIN,2011,195031.667,275941.94,91726.853,315097.844,-223370.991
FIN,2012,196072.07,278564.901,95140.06,283010.779,-187870.719
FIN,2013,205785.54,274024.457,114052.103,308904.834,-194852.731
FIN,2014,207252.588,272339.274,109464.997,309316.78,-199851.783
FIN,2015,200363.301,268068.902,87983.397,271590.755,-183607.358
FIN,2016,201157.948,279479.309,111752.819,294862.01,-183109.191
FIN,2017,212365.991,287004.532,109953.744,286524.425,-176570.681
FIN,2018,227315.901,291023.611,108635.744,293985.82,-185350.076
FIN,2019,220873.51,288757.26,119062.011,291393.306,-172331.295
FIN,2020,210422.666,270352.036,112332.121,274644.182,-162312.061
FIN,2021,226922.196,288485.79,85915.576,235890.054,-149974.478
FIN,2022,227857.897,269311.783,102267.663,258510.009,-156242.346
FIN,2023,254211.303,261103.252,107100.614,222610.162,-115509.548
FRA,1990,1285560.021,1487575.009,233907.315,1622845.275,-1388937.96
FRA,1991,1363346.906,1592492.044,241006.663,1709497.383,-1468490.72
FRA,1992,1381752.572,1598382.204,250701.723,1683516.619,-1432814.896
FRA,1993,1455634.742,1586766.857,275435.341,1616112.659,-1340677.318
FRA,1994,1423610.296,1552051.523,292087.15,1573877.538,-1281790.388
FRA,1995,1463482.271,1568397.307,270264.497,1613315.556,-1343051.059
FRA,1996,1516783.783,1645337.827,303041.026,1737858.48,-1434817.454
FRA,1997,1480471.634,1614908.324,320965.502,1729773.245,-1408807.743
FRA,1998,1442267.504,1659063.655,324216.616,1841969.954,-1517753.338
FRA,1999,1461471.194,1669719.173,308889.847,1836714.83,-1527824.983
FRA,2000,1501713.012,1687809.625,353222.28,1896102.846,-1542880.566
FRA,2001,1517986.175,1752922.715,320767.516,1885524.76,-1564757.244
FRA,2002,1541253.807,1714914.656,319773.554,1900039.964,-1580266.41
FRA,2003,1560856.977,1741397.682,352340.544,1966529.633,-1614189.089
FRA,2004,1574711.643,1762049.536,371626.745,2019743.547,-1648116.802
FRA,2005,1579290.24,1753193.012,407664.319,2089455.646,-1681791.327
FRA,2006,1571488.079,1721785.803,411450.124,2063934.383,-1652484.259
FRA,2007,1553048.39,1677103.173,390556.138,1993627.701,-1603071.563
FRA,2008,1581115.66,1705859.454,444042.487,2064522.62,-1620480.133
FRA,2009,1509192.883,1654424.701,373593.331,1928356.065,-1554762.734
FRA,2010,1590251.273,1700985.12,353529.228,1893079.61,-1539550.382
FRA,2011,1601041.009,1651579.285,392093.31,1916287.182,-1524193.872
FRA,2012,1591560.827,1708831.742,359069.564,1856726.16,-1497656.596
FRA,2013,1614101.402,1742542.003,342683.818,1840857.526,-1498173.708
FRA,2014,1625777.642,1608139.469,353242.224,1739496.385,-1386254.161
FRA,2015,1640855.528,1646376.306,365500.122,1764541.988,-1399041.866
FRA,2016,1556076.539,1678076.5,328878.773,1746828.396,-1417949.623
FRA,2017,1532462.317,1666100.704,349994.11,1810666.459,-1460672.349
FRA,2018,1602353.481,1644021.174,361432.361,1758436.937,-1397004.576
FRA,2019,1564682.824,1629911.773,382616.367,1782771.353,-1400154.986
FRA,2020,1427678.261,1493193.125,308333.454,1468007.493,-1159674.039
FRA,2021,1524041.131,1631285.181,281714.748,1528658.171,-1246943.423
FRA,2022,1257494.383,1559985.237,361544.988,1697015.678,-1335470.69
FRA,2023,1420288.082,1498078.295,395536.065,1570791.811,-1175255.746
HRV,1990,66242.057,73627.063,43318.379,88334.987,-45016.608
HRV,1991,62888.377,65326.703,25328.983,54288.176,-28959.193
HRV,1992,57225.592,56521.221,21626.648,52614.247,-30987.599
HRV,1993,60417.848,57993.06,32848.412,62572.589,-29724.177
HRV,1994,55437.665,58462.18,31539.618,63514.85,-31975.232
HRV,1995,57054.384,60515.386,29736.285,61295.256,-31558.971
HRV,1996,59067.952,66298.496,26752.161,66198.004,-39445.843
HRV,1997,56849.347,67981.084,22093.43,64800.771,-42707.341
HRV,1998,52797.088,68896.615,22477.888,69079.254,-46601.366
HRV,1999,51780.647,70890.59,24645.423,74876.321,-50230.898
HRV,2000,49583.872,68876.532,21698.754,69427.289,-47728.535
HRV,2001,53612.811,72517.614,23311.964,71139.566,-47827.602
HRV,2002,52410.625,73443.086,23707.964,80948.745,-57240.781
HRV,2003,53861.138,78623.323,25255.122,82292.435,-57037.313
HRV,2004,55239.778,80537.771,30043.907,88450.893,-58406.986
HRV,2005,55413.487,83324.637,30854.987,91110.497,-60255.51
HRV,2006,58222.798,83450.804,34340.757,90353.341,-56012.584
HRV,2007,57108.812,83767.819,33680.064,95023.572,-61343.508
HRV,2008,55935.401,85020.246,34281.428,97577.544,-63296.116
HRV,2009,57655.815,82578.175,37904.311,89151.771,-51247.46
HRV,2010,60116.459,82919.77,37078.547,88549.571,-51471.024
HRV,2011,53714.281,79962.046,30181.612,83781.453,-53599.841
HRV,2012,49228.267,76276.88,29103.092,79706.906,-50603.814
HRV,2013,51841.537,75221.018,32087.78,79309.003,-47221.223
HRV,2014,50786.252,71298.351,32789.304,74721.409,-41932.105
HRV,2015,51339.355,75420.251,35409.147,83688.976,-48279.829
HRV,2016,51627.48,75980.132,38922.597,87265.114,-48342.517
HRV,2017,49132.122,79003.084,40580.094,95528.089,-54947.995
HRV,2018,48790.876,77721.844,40265.396,93563.326,-53297.93
HRV,2019,45360.68,78232.844,36051.198,93677.044,-57625.846
HRV,2020,43407.809,74809.379,37032.768,88881.344,-51848.576
HRV,2021,45998.134,80103.327,38664.832,93963.117,-55298.285
HRV,2022,43062.479,78143.989,42910.913,102712.052,-59801.139
HRV,2023,44385.696,80532.039,44095.51,101546.33,-57450.82
HUN,1990,171182.394,220533.708,20334.711,187357.992,-167023.281
HUN,1991,168317.341,210013.748,14425.611,163247.331,-148821.72
HUN,1992,161421.636,183754.104,18206.218,148126.715,-129920.497
HUN,1993,158893.812,182796.091,25169.741,168059.04,-142889.299
HUN,1994,154082.67,181053.124,28246.353,164762.74,-136516.387
HUN,1995,161140.042,181638.13,28626.294,173393.699,-144767.405
HUN,1996,158655.065,188383.721,25869.986,185278.963,-159408.977
HUN,1997,154956.741,181301.008,26548.633,183081.023,-156532.39
HUN,1998,144918.253,181842.392,25677.767,190290.055,-164612.288
HUN,1999,138621.157,184762.515,27149.868,186965.931,-159816.063
HUN,2000,135023.934,181910.667,29167.667,190490.493,-161322.826
HUN,2001,131366.565,191538.458,35121.056,195504.088,-160383.032
HUN,2002,130154.45,192202.517,38707.254,209432.613,-170725.359
HUN,2003,121113.229,200740.552,36767.222,226925.376,-190158.154
HUN,2004,118818.712,198195.928,35744.63,223149.228,-187404.598
HUN,2005,126259.895,211255.506,46382.245,252800.481,-206418.236
HUN,2006,125613.226,207982.417,50529.876,253281.744,-202751.868
HUN,2007,124786.157,196376.106,51875.71,245608.163,-193732.453
HUN,2008,126594.759,196178.547,51147.146,248925.096,-197777.95
HUN,2009,134414.291,192617.45,34969.299,207992.393,-173023.094
HUN,2010,136156.679,196309.931,42779.558,218845.354,-176065.796
HUN,2011,135310.134,196750.728,50792.748,203174.774,-152382.026
HUN,2012,135054.713,186121.064,55461.261,199925.156,-144463.895
HUN,2013,131393.513,189050.658,60613.629,200046.944,-139433.315
HUN,2014,126533.839,183471.483,57776.181,223586.364,-165810.183
HUN,2015,129146.984,195728.572,52055.469,209969.47,-157914.001
HUN,2016,131183.301,200900.736,48395.968,214074.011,-165678.043
HUN,2017,129671.2,207880.583,52122.067,246331.677,-194209.61
HUN,2018,126436.586,207588.302,56718.991,237233.149,-180514.158
HUN,2019,125449.704,208977.156,54385.308,270900.439,-216515.131
HUN,2020,123148.078,204763.757,49313.268,221433.681,-172120.413
HUN,2021,123817.068,218569.621,48631.945,220940.921,-172308.976
HUN,2022,123519.13,208687.376,43803.51,236308.79,-192505.28
HUN,2023,123514.165,192374.739,46537.68,221980.995,-175443.315
IRL,1990,40325.836,81197.749,8332.014,90916.389,-82584.375
IRL,1991,38231.924,82674.697,8843.964,90278.033,-81434.069
IRL,1992,35846.485,81852.76,9786.833,89247.26,-79460.427
IRL,1993,40143.803,83280.223,9375.872,92186.959,-82811.087
IRL,1994,41406.226,86858.339,12333.257,95821.482,-83488.225
IRL,1995,47696.238,88314.759,12025.965,102769.765,-90743.8
IRL,1996,41165.663,92568.085,10481.522,109309.944,-98828.422
IRL,1997,33183.819,95470.434,16381.309,128640.525,-112259.216
IRL,1998,28619.012,103576.347,16163.593,141621.243,-125457.65
IRL,1999,28613.793,109582.912,13806.354,152556.111,-138749.757
IRL,2000,25108.937,118594.177,16339.983,160661.81,-144321.827
IRL,2001,20648.588,122529.232,17212.974,176768.999,-159556.025
IRL,2002,17972.397,122499.308,18583.088,177808.574,-159225.486
IRL,2003,21357.479,126538.749,19260.605,175707.211,-156446.606
IRL,2004,21855.677,130275.759,15627.73,178016.963,-162389.233
IRL,2005,19793.595,137290.654,17206.767,179593.713,-162386.946
IRL,2006,19612.329,143183.368,15410.833,180916.42,-165505.587
IRL,2007,16534.529,142096.06,14564.352,179784.355,-165220.003
IRL,2008,18047.009,142982.183,14900.601,182660.966,-167760.365
IRL,2009,16720.376,130661.388,11462.166,167619.128,-156156.962
IRL,2010,21284.959,130113.772,17721.722,172395.591,-154673.869
IRL,2011,20103.457,120498.279,19448.544,166379.966,-146931.422
IRL,2012,15071.887,118292.543,21420.855,159169.028,-137748.173
IRL,2013,27152.181,119152.306,15005.93,158160.153,-143154.223
IRL,2014,23977.45,118464.642,15808.451,151242.967,-135434.516
IRL,2015,22940.408,122238.703,21968.951,169689.578,-147720.627
IRL,2016,49400.735,126961.666,20849.781,142056.871,-121207.09
IRL,2017,56897.575,126365.075,23809.041,138911.997,-115102.956
IRL,2018,58756.655,131743.101,21815.328,140302.94,-118487.612
IRL,2019,48448.443,131500.169,19419.615,140190.311,-120770.696
IRL,2020,41620.08,126061.812,20075.474,135228.715,-115153.241
IRL,2021,35355.401,128383.097,20012.944,149450.785,-129437.841
IRL,2022,36473.795,127814.266,18952.895,155174.979,-136222.084
IRL,2023,34735.27,127354.443,14716.088,146239.945,-131523.857
ITA,1990,294442.248,1215594.769,231557.105,1711711.274,-1480154.169
ITA,1991,303327.876,1245948.691,225020.082,1696734.586,-1471714.504
ITA,1992,317017.419,1246943.02,252640.556,1752653.918,-1500013.362
ITA,1993,329128.855,1251051.244,271227.084,1700314.549,-1429087.465
ITA,1994,343183.172,1229936.982,242988.413,1659979.474,-1416991.061
ITA,1995,342210.759,1284979.18,202722.081,1763545.617,-1560823.536
ITA,1996,352104.794,1298529.436,221950.944,1777246.53,-1555295.586
ITA,1997,353638.254,1306360.509,248857.814,1804008.512,-1555150.698
ITA,1998,352310.262,1344982.029,270443.457,1893850.006,-1623406.549
ITA,1999,339902.575,1394420.831,240696.276,1905678.717,-1664982.441
ITA,2000,327653.965,1392601.651,255157.188,2028049.346,-1772892.158
ITA,2001,311816.039,1407243.179,265732.5,1975835.12,-1710102.62
ITA,2002,328571.944,1415682.042,256000.456,2028110.851,-1772110.395
ITA,2003,347722.036,1486939.551,286129.941,2089215.103,-1803085.162
ITA,2004,338930.758,1490134.188,307404.439,2153434.554,-1846030.115
ITA,2005,351320.325,1529450.338,352109.156,2210192.549,-1858083.393
ITA,2006,349769.236,1509317.414,334456.989,2234706.114,-1900249.125
ITA,2007,362118.56,1500692.918,373979.367,2208179.664,-1834200.297
ITA,2008,382372.696,1501167.199,353325.727,2159445.518,-1806119.791
ITA,2009,367764.106,1417788.281,321502.722,1964805.085,-1643302.363
ITA,2010,383147.431,1431103.243,356822.752,2083632.236,-1726809.484
ITA,2011,371199.927,1366734.64,326794.155,1970113.37,-1643319.215
ITA,2012,406635.992,1355581.683,360034.178,1895652.429,-1535618.251
ITA,2013,427595.426,1326444.235,296318.971,1729320.678,-1433001.707
ITA,2014,426756.808,1265906.312,256054.556,1594082.49,-1338027.934
ITA,2015,419820.489,1303818.024,340047.954,1752183.308,-1412135.354
ITA,2016,389820.991,1297380.039,361418.472,1774692.768,-1413274.296
ITA,2017,426433.332,1321298.414,388050.005,1836727.427,-1448677.422
ITA,2018,434289.01,1329273.372,360754.543,1778686.094,-1417931.551
ITA,2019,429260.724,1315579.489,342052.586,1766630.346,-1424577.76
ITA,2020,435886.615,1198554.616,294580.37,1525019.107,-1230438.737
ITA,2021,431220.787,1334248.283,341209.89,1676915.878,-1335705.988
ITA,2022,403675.498,1288344.981,384758.783,1770676.81,-1385918.027
ITA,2023,420148.887,1261368.837,363362.066,1620035.242,-1256673.176
LTU,1990,58473.219,110934.731,129273.944,264590.483,-135316.539
LTU,1991,58054.156,116227.083,76909.378,219769.019,-142859.641
LTU,1992,52030.6,73290.067,23395.311,103388.058,-79992.747
LTU,1993,46086.672,56595.175,50860.756,111891.714,-61030.958
LTU,1994,32571.494,54527.253,32408.719,94767.728,-62359.009
LTU,1995,45871.081,52917.575,28200.758,92982.608,-64781.85
LTU,1996,53368.511,51662.347,38243.664,96208.303,-57964.639
LTU,1997,48407.375,52157.844,47937.842,105534.931,-57597.089
LTU,1998,54747.961,51641.739,61477.711,115895.853,-54418.142
LTU,1999,43676.911,46782.575,38354.078,87972.808,-49618.73
LTU,2000,40568.022,43520.139,43629.186,93628.643,-49999.457
LTU,2001,51230.4,45210.297,67416.167,112422.138,-45005.971
LTU,2002,60800.1,47187.679,66055.664,108997.004,-42941.34
LTU,2003,64574.778,48607.011,74972.186,121998.35,-47026.164
LTU,2004,62716.632,50757.811,92009.373,142873.882,-50864.509
LTU,2005,48213.849,53758.615,90155.308,148872.226,-58716.918
LTU,2006,43471.919,56710.576,81977.039,145210.295,-63233.256
LTU,2007,47237.746,59849.035,54010.555,120842.806,-66832.251
LTU,2008,48041.869,58780.917,93434.999,156750.213,-63315.214
LTU,2009,52361.618,53570.185,91300.648,141413.008,-50112.36
LTU,2010,18180.784,55326.922,93160.055,159539.862,-66379.807
LTU,2011,18361.359,54989.478,97160.075,165598.532,-68438.457
LTU,2012,18539.468,56277.201,95506.583,163485.856,-67979.273
LTU,2013,19529.048,54804.111,102980.589,165396.837,-62416.248
LTU,2014,20800.385,55830.242,86536.16,148160.538,-61624.378
LTU,2015,21629.277,55585.7,103113.541,166821.228,-63707.687
LTU,2016,22010.896,58187.386,106759.381,172148.568,-65389.187
LTU,2017,24164.913,60930.523,106118.771,171974.507,-65855.736
LTU,2018,23920.416,63576.335,97350.948,166399.044,-69048.096
LTU,2019,23737.857,63500.045,100394.725,170333.19,-69938.465
LTU,2020,23627.251,61455.381,80887.594,148967.913,-68080.319
LTU,2021,26001.677,65853.138,80241.369,149576.094,-69334.725
LTU,2022,23812.467,62530.879,104229.308,165611.521,-61382.213
LTU,2023,25234.794,61918.984,107843.814,165773.526,-57929.712
LUX,1990,335,31951.614,910.796,41538.396,-40627.6
LUX,1991,354.833,34503.741,730.603,43675.012,-42944.409
LUX,1992,530.278,34890.126,544.801,43964.001,-43419.2
LUX,1993,513.944,35758.011,417.759,43901.646,-43483.887
LUX,1994,527.111,35022.817,635.432,43235.97,-42600.538
LUX,1995,518.278,31844.525,788.936,38579.942,-37791.006
LUX,1996,434.722,32975.577,880.468,40025.118,-39144.65
LUX,1997,494.333,33167.02,979.739,39295.125,-38315.386
LUX,1998,617.389,33225.113,1154.601,38977.544,-37822.943
LUX,1999,622.167,34670.647,976.359,39879.619,-38903.26
LUX,2000,737.396,37039.179,974.485,43328.094,-42353.609
LUX,2001,837.84,38702.325,1438.13,45114.309,-43676.179
LUX,2002,847.58,38783.453,3218.909,49330.693,-46111.784
LUX,2003,864.921,41413.111,3012.84,51494.845,-48482.005
LUX,2004,1005.445,46056.944,3363.194,56940.103,-53576.909
LUX,2005,1240.086,47048.009,3327.381,57709.345,-54381.964
LUX,2006,1330.063,46585.731,3471.164,57444.383,-53973.219
LUX,2007,1369.6,45442.14,3037.025,55140.301,-52103.276
LUX,2008,1440.202,45880.342,2694.61,55263.491,-52568.881
LUX,2009,1293.654,42556.959,2840.164,52383.852,-49543.688
LUX,2010,1379.241,45300.936,3339.338,55766.497,-52427.159
LUX,2011,1317.972,45231.166,2732.752,54439.492,-51706.74
LUX,2012,1435.497,44185.138,2783.956,53370.162,-50586.206
LUX,2013,1539.059,43648.812,2080.272,51091.581,-49011.309
LUX,2014,1780.586,41830.328,2210.373,49655.63,-47445.257
LUX,2015,1751.035,41109.941,2247.932,48876.867,-46628.935
LUX,2016,1870.729,41099.879,1861.146,48783.585,-46922.439
LUX,2017,2131.515,41968.688,1946.196,50071.338,-48125.142
LUX,2018,2447.3,43473.741,1670.183,51522.612,-49852.429
LUX,2019,2732.433,44101.601,1156.883,51384.322,-50227.439
LUX,2020,3571.099,38033.038,1335.486,43950.907,-42615.421
LUX,2021,3645.679,40000.874,1293.515,46689.22,-45395.705
LUX,2022,3677.037,35195.531,1498.072,42147.604,-40649.532
LUX,2023,3891.695,33951.054,1361.738,40253.134,-38891.396
LVA,1990,13055.247,73790.217,7520.083,94695.181,-87175.098
LVA,1991,13066.083,71647.831,2,76179.311,-76177.311
LVA,1992,12566.667,59691.272,332.428,64696.594,-64364.166
LVA,1993,13727.839,51791.006,2262.725,48027.267,-45764.542
LVA,1994,15410.537,46972,2310.358,45193.169,-42882.811
LVA,1995,16654.211,44464.783,2087.425,41338.862,-39251.437
LVA,1996,16700.259,43683.478,3203.489,43576.839,-40373.35
LVA,1997,18885.045,42899.836,3505.636,35445.819,-31940.183
LVA,1998,20592.393,41470.828,5911.422,36946.139,-31034.717
LVA,1999,19095.098,39078.851,6144.431,32366.823,-26222.392
LVA,2000,16388.685,37537.643,4017.936,31495.398,-27477.462
LVA,2001,17712.774,41239.122,3270.364,33224.992,-29954.628
LVA,2002,18716.54,41772.258,4194.303,33725.797,-29531.494
LVA,2003,20203.916,43696.239,4803.081,38362.445,-33559.364
LVA,2004,21486.203,44871.085,8970.239,46827.197,-37856.958
LVA,2005,21642.621,46048.319,11094.683,47098.15,-36003.467
LVA,2006,21473.358,48002.877,8258.306,46752.851,-38494.545
LVA,2007,20954.848,49705.989,8398.821,45194.478,-36795.657
LVA,2008,20809.843,47174.63,8176.922,41695.842,-33518.92
LVA,2009,24392.389,45792.833,11468.264,45073.411,-33605.147
LVA,2010,22995.767,46546.015,12875.066,38727.945,-25852.879
LVA,2011,24134.305,43626.004,15302.413,47271.412,-31968.999
LVA,2012,27176.573,45453.314,17187.443,48523.264,-31335.821
LVA,2013,24928.504,43406.012,19972.934,50559.267,-30586.333
LVA,2014,27683.27,43915.643,21879.648,43993.329,-22113.681
LVA,2015,27194.53,42800.342,24817.292,52400.582,-27583.29
LVA,2016,28460.079,43001.265,24665.779,50476.171,-25810.392
LVA,2017,30089.378,45068.517,23894.954,48544.792,-24649.838
LVA,2018,33269.458,46808.018,26421.438,51321.398,-24899.96
LVA,2019,32892.288,45644.111,24670.385,49900.821,-25230.436
LVA,2020,31515.808,44172.893,21648.77,45812.351,-24163.581
LVA,2021,31540.537,46290.799,23922.187,45266.706,-21344.519
LVA,2022,34051.244,44450.004,24439.613,44353.204,-19913.591
LVA,2023,37983.947,43766.977,23685.085,40509.137,-16824.052
MLT,1990,0,3057.167,0,9283.611,-9283.611
MLT,1991,0,3580.028,0,9928.028,-9928.028
MLT,1992,0,3731.056,0,10276.583,-10276.583
MLT,1993,0,4013.25,0,11216.444,-11216.444
MLT,1994,0,3958.25,0,10355.778,-10355.778
MLT,1995,0,4421.444,0,10062.389,-10062.389
MLT,1996,0,4066.861,0,9230.278,-9230.278
MLT,1997,0,4771.694,0,11641.806,-11641.806
MLT,1998,0,4349.944,0,9339.917,-9339.917
MLT,1999,0,4513.417,0,11040.194,-11040.194
MLT,2000,0,3713.861,0,17103.917,-17103.917
MLT,2001,0,3594.972,0,18740.972,-18740.972
MLT,2002,2.778,3200.556,0,18286.25,-18286.25
MLT,2003,3.611,3683.694,0,21258.722,-21258.722
MLT,2004,4.722,3975.25,0,22323.333,-22323.333
MLT,2005,6.111,4373.111,0,18533.722,-18533.722
MLT,2006,7.5,4383.722,0,19642.667,-19642.667
MLT,2007,9.167,4499.278,0,20934.667,-20934.667
MLT,2008,10.556,4705.722,0,21953.833,-21953.833
MLT,2009,10.833,4215.833,107.5,23665.556,-23558.056
MLT,2010,50.219,4667.706,191.111,27693.333,-27502.222
MLT,2011,74.054,4517.802,35.833,26789.246,-26753.413
MLT,2012,102.187,4736.402,95.917,25535.316,-25439.399
MLT,2013,109.442,4897.551,1748,26803.934,-25055.934
MLT,2014,155.318,5067.378,2329.833,26358.211,-24028.378
MLT,2015,182.493,5377.052,6175.278,32139.032,-25963.754
MLT,2016,215.469,5335.369,3240.833,32281.286,-29040.453
MLT,2017,355.152,5726.382,1782.884,37250.037,-35467.153
MLT,2018,390.33,5982.343,4110.179,38747.587,-34637.408
MLT,2019,420.794,6343.331,4398.264,40188.306,-35790.042
MLT,2020,481.623,5823.756,2259.254,35693.498,-33434.244
MLT,2021,526.275,6120.767,1262.406,32171.549,-30909.143
MLT,2022,582.305,6893.977,417.681,35433.263,-35015.582
MLT,2023,629.587,6893.799,1070.759,37319.872,-36249.113
NLD,1990,704566.955,500357.22,980736.067,1200491.216,-219755.149
NLD,1991,785343.312,529356.383,1009663.732,1192035.903,-182372.171
NLD,1992,785695.446,520908.139,994151.527,1176201.449,-182049.922
NLD,1993,800922.482,536990.963,1024625.393,1197340.187,-172714.794
NLD,1994,776261.314,527395.174,968899.82,1189570.097,-220670.277
NLD,1995,777683.428,544585.496,1000176.177,1209702.125,-209525.948
NLD,1996,869466.883,591689.876,1070926.334,1259003.85,-188077.516
NLD,1997,773338.403,555206.187,1052772.833,1325980.101,-273207.268
NLD,1998,743191.277,554726.582,1010809.931,1315354.18,-304544.249
NLD,1999,695961.696,554778.874,999140.466,1325307.835,-326167.369
NLD,2000,679803.404,553611.139,1072530.231,1479431.21,-406900.979
NLD,2001,712459.689,563483.503,1166432.58,1544862.761,-378430.181
NLD,2002,712514.009,562120.129,1190512.89,1579558.058,-389045.168
NLD,2003,686492.105,570836.316,1149463.719,1587618.271,-438154.552
NLD,2004,793455.344,576703.724,1284059.375,1655895.722,-371836.347
NLD,2005,726266.027,569843.66,1341836.993,1778278.746,-436441.753
NLD,2006,714935.974,567629.395,1417702.108,1864848.638,-447146.53
NLD,2007,700315.402,556567.809,1383553.525,1817809.341,-434255.816
NLD,2008,787850.753,567240.259,1484759.863,1869341.325,-384581.462
NLD,2009,731619.48,548717.382,1546937.692,1923969.39,-377031.698
NLD,2010,827165.522,590428.743,1705872.687,2034798.303,-328925.616
NLD,2011,772152.427,544616.485,1667160.113,1993139.983,-325979.87
NLD,2012,768617.036,546925.826,1770035.298,2106494.403,-336459.105
NLD,2013,811215.014,545433.313,1826806.113,2081455.229,-254649.116
NLD,2014,700836.466,492557.93,1750771.139,2067266.873,-316495.734
NLD,2015,560645.935,504530.178,1786993.954,2284393.418,-497399.464
NLD,2016,539921.842,515730.069,1838791.039,2319232.034,-480440.995
NLD,2017,482716.685,517938.4,1548636.74,2096386.033,-547749.293
NLD,2018,429649.522,521691.022,1509980.638,2127357.454,-617376.816
NLD,2019,385640.751,512593.95,1468562.265,2123906.013,-655343.748
NLD,2020,320608.434,486988.316,1262105.566,1925077.512,-662971.946
NLD,2021,308816.123,503110.417,1455481.844,2037976.462,-582494.618
NLD,2022,282588.606,457869.983,1442302.82,2177680.743,-735377.923
NLD,2023,241002.986,444116.969,1458070.961,2080892.455,-622821.494
POL,1990,1206517.501,666446.112,267328.146,277632.458,-10304.312
POL,1991,1158891.662,679075.764,224614.431,239023.659,-14409.228
POL,1992,1133826.151,665888.509,221221.639,239713.706,-18492.067
POL,1993,1129458.431,718861.75,213061.443,243974.951,-30913.508
POL,1994,1128055.764,692709.525,248746.717,249714.298,-967.581000000006
POL,1995,1149523.453,708517.158,277285.667,275070.327,2215.34000000003
POL,1996,1145780.558,751821.189,248765.086,314481.554,-65716.468
POL,1997,1159235.356,735898.072,264096.308,342565.236,-78468.928
POL,1998,1010909.613,679959.138,256509.064,351526.138,-95017.074
POL,1999,966355.535,664658.058,230352.331,338212.508,-107860.177
POL,2000,914499.846,622913.112,234047.029,345651.339,-111604.31
POL,2001,924918.59,629893.348,247780.501,357307.551,-109527.05
POL,2002,921979.802,625121.883,247453.144,365974.194,-118521.05
POL,2003,916780.881,642972.573,230928.791,372435.689,-141506.898
POL,2004,908535.731,660141.673,236480.031,393602.651,-157122.62
POL,2005,906280.918,668538.292,228204.589,419967.977,-191763.388
POL,2006,894032.653,696716.294,235442.272,464697.823,-229255.551
POL,2007,834285.917,698745.896,197126.053,489291.173,-292165.12
POL,2008,822057.208,710333.8,165393.406,519144.561,-353751.155
POL,2009,777995.319,704684.936,148355.503,500506.613,-352151.11
POL,2010,777283.888,758951.724,177234.878,551058.134,-373823.256
POL,2011,788582.361,739785.184,177639.64,580549.556,-402909.916
POL,2012,826878.589,735691.991,190535.331,550777.817,-360242.486
POL,2013,822687.735,722294.747,233084.289,534264.114,-301179.825
POL,2014,780178.735,700163.908,227339.825,552227.437,-324887.612
POL,2015,788042.814,707823.26,244640.056,578104.393,-333464.337
POL,2016,774569.883,757533.474,242811.238,603286.877,-360475.639
POL,2017,746242.76,805086.628,203655.151,673165.936,-469510.785
POL,2018,751539.137,849572.041,188313.813,746125.873,-557812.06
POL,2019,722719.323,835667.857,176986.522,736493.594,-559507.072
POL,2020,674044.623,816172.81,166648.041,680262.301,-513614.26
POL,2021,698903.091,862458.501,177389.471,694755.272,-517365.801
POL,2022,690264.745,826264.937,186061.653,747781.307,-561719.654
POL,2023,630492.743,806159.761,186442.36,736506.439,-550064.079
PRT,1990,39455.39,132294.442,30864.843,204396.925,-173532.082
PRT,1991,39472.839,137475.574,27987.016,201213.041,-173226.025
PRT,1992,34189.006,142024.382,39531.449,227247.752,-187716.303
PRT,1993,38096.086,143749.783,39934.804,220949.619,-181014.815
PRT,1994,40542.544,150405.513,55760.345,237480.644,-181720.299
PRT,1995,38585.278,154098.961,46911.893,258386.126,-211474.233
PRT,1996,44110,163367.996,32118.426,229754.309,-197635.883
PRT,1997,43584.112,170136.519,31153.155,247834.023,-216680.868
PRT,1998,43404.778,182112.18,27336.06,260932.934,-233596.874
PRT,1999,39165.889,189228.606,21769.797,284811.105,-263041.308
PRT,2000,44733.944,200194.765,21123.864,279458.414,-258334.55
PRT,2001,47646,203988.367,19730.325,277577.28,-257846.955
PRT,2002,42368.444,209928.786,19677.689,284846.791,-265169.102
PRT,2003,50434.222,208868.232,23071.342,286429.737,-263358.395
PRT,2004,45307.22,211758.685,25812.822,293345.869,-267533.047
PRT,2005,42039.116,212332.174,30891.675,319440.62,-288548.945
PRT,2006,50786.539,208699.907,43333.597,304569.478,-261235.881
PRT,2007,53959.249,210683.603,31758.5,284812.194,-253053.694
PRT,2008,52028.149,204358.204,31251.653,285246.489,-253994.836
PRT,2009,57284.96,202576.157,29943.527,272901.516,-242957.989
PRT,2010,67471.642,200845.061,39439.668,256757.076,-217317.408
PRT,2011,64331.118,191211.783,40069.63,260175.608,-220105.978
PRT,2012,54763.743,175747.771,49506.294,261743.425,-212237.131
PRT,2013,66901.488,173383.735,75008.996,271547.256,-196538.26
PRT,2014,76503.701,178943.69,66523.343,257010.66,-190487.317
PRT,2015,68709.314,180856.675,90282.005,305272.329,-214990.324
PRT,2016,76709.882,181901.796,92565.501,296591.039,-204025.538
PRT,2017,67915.607,184925.111,93501.275,323993.004,-230491.729
PRT,2018,75562.472,187854.996,75024.036,293615.76,-218591.724
PRT,2019,76201.229,190205.453,66391.774,279962.299,-213570.525
PRT,2020,79029.013,176270.914,72763.117,240451.824,-167688.707
PRT,2021,80847.422,183428.913,67792.685,240609.578,-172816.893
PRT,2022,78420.963,188066.259,59507.62,252555.827,-193048.207
PRT,2023,85377.925,191520.345,54485.415,230830.283,-176344.868
ROU,1990,474141.244,493077.532,61050.5,324901.878,-263851.378
ROU,1991,417733.794,399584.881,31109.528,204389.436,-173279.908
ROU,1992,391960.416,301859.108,27177.472,186410.781,-159233.309
ROU,1993,388678.013,279091.693,33765.972,178215.059,-144449.087
ROU,1994,369067.938,285016.76,61843.5,191622.343,-129778.843
ROU,1995,376648.01,298049.246,58636.458,226564.126,-167927.668
ROU,1996,382536.009,332365.257,47484.369,220459.308,-172974.939
ROU,1997,366454.113,320597.113,35854.006,206863.391,-171009.385
ROU,1998,336075.336,292717.073,40013.018,178778.933,-138765.915
ROU,1999,324261.645,253475.603,29519.251,119090.506,-89571.255
ROU,2000,331753.883,255238.077,34986.822,128538.32,-93551.498
ROU,2001,321795.061,259408.424,36766.958,149794.076,-113027.118
ROU,2002,340081.906,258042.833,55183.5,163363.449,-108179.949
ROU,2003,341821.859,269598.225,45847.417,163878.641,-118031.224
ROU,2004,332230.092,276316.42,55502.117,192943.446,-137441.329
ROU,2005,324615.926,274314.411,74426.505,198039.876,-123613.371
ROU,2006,325625.306,276660.013,68291.306,204268.779,-135977.473
ROU,2007,322352.149,269462.522,56235.833,202000.69,-145764.857
ROU,2008,336333.974,278455.88,64255.89,191886.909,-127631.019
ROU,2009,327815.279,253250.609,52906.17,133421.974,-80515.804
ROU,2010,318313.66,256310.9,45997.472,133101.393,-87103.921
ROU,2011,319742.457,262728.729,50312.345,138231.59,-87919.245
ROU,2012,316306.283,263177.218,46981.24,138414.39,-91433.15
ROU,2013,300153.721,251572.314,52926.364,120900.972,-67974.608
ROU,2014,305565.381,249700.374,67644.292,129007.291,-61362.999
ROU,2015,306735.594,251210.797,70815.063,132758.106,-61943.043
ROU,2016,287707.046,255106.956,72448.271,153512.436,-81064.165
ROU,2017,296454.352,267259.19,69243.027,160172.429,-90929.402
ROU,2018,291436.16,272662.921,71231.389,166182.636,-94951.247
ROU,2019,285282.663,275778.159,69449.667,186510.23,-117060.563
ROU,2020,260057.553,272983.777,59118.551,164904.27,-105785.719
ROU,2021,267168.91,294003.496,61498.372,187846.162,-126347.79
ROU,2022,258573.6,278227.318,75463.366,194892.387,-119429.021
ROU,2023,255809.048,271051.293,84914.445,184695.086,-99780.641
SWE,1990,343126.907,351051.299,115773.066,329112.108,-213339.042
SWE,1991,363136.497,355717.754,108197.011,314388.995,-206191.984
SWE,1992,337178.45,375364.407,125689.643,331609.989,-205920.346
SWE,1993,335261.395,378982.633,127793.352,342341.2,-214547.848
SWE,1994,357620.771,384507.703,114191.164,353046.914,-238855.75
SWE,1995,364443.433,392884.588,124272.745,350266.815,-225994.07
SWE,1996,365904.078,403863.485,125706.835,373432.256,-247725.421
SWE,1997,372187.257,396343.033,132728.346,363352.509,-230624.163
SWE,1998,388911.521,400009.362,126283.328,358415.47,-232132.142
SWE,1999,380186.955,394369.357,131588.654,343418.251,-211829.597
SWE,2000,349038.89,391544.698,143204.24,367551.051,-224346.811
SWE,2001,387808.889,384006.993,136715.242,360635.964,-223920.722
SWE,2002,363688.02,381649.062,125064.788,356885.546,-231820.758
SWE,2003,354162.003,378887.315,130483.412,395756.503,-265273.091
SWE,2004,393676.776,376144.093,148025.973,384470.15,-236444.177
SWE,2005,393255.034,368795.821,146255.599,382474.183,-236218.584
SWE,2006,371733.181,368843.504,143753.214,375810.919,-232057.705
SWE,2007,379629.291,369809.903,140085.084,362310.012,-222224.928
SWE,2008,375966.513,361736.476,161163.849,391885.023,-230721.174
SWE,2009,335929.988,351894.669,153127.397,361571.251,-208443.854
SWE,2010,369333.302,377632.722,163260.668,394855.937,-231595.269
SWE,2011,386539.664,372912.075,155880.7,378888.771,-223008.071
SWE,2012,413699.074,375783.591,191927.56,375775.426,-183847.866
SWE,2013,400734.788,368340.459,141688.105,338146.7,-196458.595
SWE,2014,405480.606,359702.233,181350.016,373352.48,-192002.464
SWE,2015,416405.4,366472.33,214107.088,384956.853,-170849.765
SWE,2016,411049.327,372598.234,228051.214,426006.943,-197955.729
SWE,2017,425048.165,370413.727,246977.465,410269.33,-163291.865
SWE,2018,425430.868,369010.578,236288.969,414970.054,-178681.085
SWE,2019,430321.403,364067.429,177605.207,358548.784,-180943.577
SWE,2020,400659.341,360753.4,198508.353,374596.092,-176087.739
SWE,2021,415012.553,373975.552,239087.884,361811.923,-122724.039
SWE,2022,415119.967,361488.126,223773.854,374021.549,-150247.695
SWE,2023,398867.891,362765.905,217171.361,361270.535,-144099.174
SVN,1990,35544.711,42960.273,5601.393,36187.578,-30586.185
SVN,1991,35948.086,42915.827,5884.53,33423.644,-27539.114
SVN,1992,34165.817,39281.726,3986.917,29249.867,-25262.95
SVN,1993,32104.408,42494.615,3783.822,34327.553,-30543.731
SVN,1994,33519.09,44688.141,3391.529,35812.115,-32420.586
SVN,1995,34373.54,47259.484,3425.931,39572.058,-36146.127
SVN,1996,33307.916,51838.452,3153.103,44133.919,-40980.816
SVN,1997,34713.164,52676.218,3388.594,45954.546,-42565.952
SVN,1998,35270.965,50650.208,4663.515,44216.07,-39552.555
SVN,1999,33211.15,51127.849,5639.043,47705.429,-42066.386
SVN,2000,37198.822,52829.129,8321.813,47888.923,-39567.11
SVN,2001,38984.596,55610.316,6821.809,46518.829,-39697.02
SVN,2002,40049.711,54375.093,6332.473,46764.043,-40431.57
SVN,2003,39594.43,56242.945,6961.176,50288.338,-43327.162
SVN,2004,41659.238,57381.135,9885.811,53489.468,-43603.657
SVN,2005,43386.883,59439.741,12328.389,57159.258,-44830.869
SVN,2006,41902.83,59300.751,12686.661,57333.074,-44646.413
SVN,2007,43085.656,59502.219,10952.717,56193.395,-45240.678
SVN,2008,45291.992,63641.604,14307.884,64687.75,-50379.866
SVN,2009,42173.659,56316.411,16557.84,56858.473,-40300.633
SVN,2010,42908.316,58697.673,18741.95,60421.166,-41679.216
SVN,2011,43494.824,58541.644,16867.033,57758.805,-40891.772
SVN,2012,40540.662,57053.869,18147.759,60420.758,-42272.999
SVN,2013,40860.919,55849.906,19955.457,57730.635,-37775.178
SVN,2014,41448.147,53587.048,26555.61,61298.85,-34743.24
SVN,2015,38652.988,54911.439,29411.303,67045.466,-37634.163
SVN,2016,40629.26,57027.704,33658.932,72607.515,-38948.583
SVN,2017,41472.219,57847.578,34308.656,75973.108,-41664.452
SVN,2018,39905.007,57796.162,34547.362,76633.083,-42085.721
SVN,2019,39552.934,56778.675,36744.522,78655.416,-41910.894
SVN,2020,40990.233,51720.823,31739.781,66037.64,-34297.859
SVN,2021,38219.51,55499.936,27566.217,65055.818,-37489.601
SVN,2022,35133.515,55403.304,36083.828,76055.971,-39972.143
SVN,2023,37574.596,52672.326,38487.824,73324.645,-34836.821
SVK,1990,61084.288,161007.115,24334.477,215093.031,-190758.554
SVK,1991,55807.612,137276.543,16748.06,178791.512,-162043.452
SVK,1992,51791.57,129804.856,14319.282,171417.534,-157098.252
SVK,1993,57658.618,118817.013,20033.66,162036.144,-142002.484
SVK,1994,63301.939,114820.649,24002.815,162029.587,-138026.772
SVK,1995,58300.767,115596.428,23041.776,165491.058,-142449.282
SVK,1996,57552.593,119813.069,25679.678,179589.681,-153910.003
SVK,1997,57198.432,119953.701,28106.628,181687.311,-153580.683
SVK,1998,57713.023,117834.902,31385.077,175589.737,-144204.66
SVK,1999,63710.363,116048.342,36543.974,172214.052,-135670.078
SVK,2000,73066.221,115432.345,43114.304,177289.086,-134174.782
SVK,2001,76365.532,121805.328,49991.142,184533.498,-134542.356
SVK,2002,77804.798,122532.341,50743.679,190544.187,-139800.508
SVK,2003,75239.676,116372.067,51657.931,191671.42,-140013.489
SVK,2004,73712.062,114902.673,57897.026,202685.34,-144788.314
SVK,2005,74916.327,120978.036,59587.841,203096.46,-143508.619
SVK,2006,75447.431,117589.239,62726.981,201469.897,-138742.916
SVK,2007,67388.717,118423.345,61838.09,205846.334,-144008.244
SVK,2008,72809.624,122472.439,57098.822,196943.773,-139844.951
SVK,2009,67571.237,112283.821,55125.444,186519.602,-131394.158
SVK,2010,78214.466,128950.457,50344.231,183097.908,-132753.677
SVK,2011,79541.199,120978.587,58904.466,190759.174,-131854.708
SVK,2012,81248.022,115706.481,55768.375,174390.603,-118622.228
SVK,2013,82669.309,117554.668,61124.808,179659.543,-118534.735
SVK,2014,77831.462,105991.336,56688.839,170559.257,-113870.418
SVK,2015,81174.864,110779.283,66285.374,179974.04,-113688.666
SVK,2016,80160.792,114953.404,61189.439,176295.178,-115105.739
SVK,2017,81472.058,122563.314,61016.155,191090.482,-130074.327
SVK,2018,75460.146,120952.033,52369.728,178607.152,-126237.424
SVK,2019,80645.971,119125.565,53688.981,191809.981,-138121
SVK,2020,78509.524,111777.452,57208.258,164950.862,-107742.604
SVK,2021,80851.49,122211.91,68956.455,177769.126,-108812.671
SVK,2022,78583.336,115411.658,55489.979,190064.109,-134574.13
SVK,2023,86350.528,109071.138,59493.555,171164.265,-111670.71
