year,region,GWP_pba,GWP_Imports,GWP_Exports,ValueAdded_pba,Employment_pba,emissions_complete
2013,AT,78287388552.5276,60117870062.4103,25874814696.5783,313148.239865666,4148.4020062334,TRUE
2013,AU,605985812796.564,183682506838.888,213023327263.027,1138053.32962635,11555.040995006,TRUE
2013,BE,117619035674.746,110715762749.094,50897306271.9724,376722.067837855,4548.7809967922,TRUE
2013,BG,51515327857.9774,16701634053.8503,22044219002.4816,36156.6470521149,2944.91400432687,TRUE
2013,BR,1144959855356.11,244781285047.916,230916782864.904,1744386.30350332,91019.4209589929,TRUE
2013,CA,725232755744.521,216270567658.259,306993217012.186,1361648.83378953,18258.8759980092,TRUE
2013,CH,65369151358.1725,130654492374.962,26362195254.4833,521534.823538337,4433.04230711389,TRUE
2013,CN,11940582255997.2,1132614004863.51,2799335971363.12,6793555.11225869,752004.418999966,TRUE
2013,CY,12814000505.8837,5220299083.5644,3558913743.0964,16736.5869137065,532.717994320645,TRUE
2013,CZ,123130862807.655,45593968688.1797,50539334172.4061,149582.424836507,4930.30506816974,TRUE
2013,DE,999112691916.48,472935445703.712,332726485613.048,2737738.01630188,40133.2940039973,TRUE
2013,DK,79367614762.0205,39607423090.5824,48635902798.814,246839.927587376,2643.74799802741,TRUE
2013,EE,19464688288.4787,7398210538.28543,10119885847.4541,17646.8849695029,621.702010380184,TRUE
2013,ES,328185975662.448,143219212085.84,93559915727.8853,998252.500163624,17391.9690043465,TRUE
2013,FI,68490828152.7696,40563511271.3882,28618328634.3449,191898.537841448,2466.97400755189,TRUE
2013,FR,476892499399.925,308933632423.881,139057106551.674,2040563.05298929,27345.2709980998,TRUE
2013,GB,592282793699.538,376652715107.77,143363779970.304,2028145.18356408,30274.9429992481,TRUE
2013,GR,165168495443.253,36597677737.0586,54302683446.092,171602.182800616,3490.0910070001,TRUE
2013,HR,23243330940.8927,14193396492.613,5806038944.78799,42236.6740098475,1517.42599507225,TRUE
2013,HU,58671519822.7335,40132460216.5438,26711427558.7569,93704.5841818612,4068.10119199964,TRUE
2013,ID,783019853919.852,165750591824.401,169974855826.166,679477.061315582,118716.606995146,TRUE
2013,IE,73563649285.9043,32540509816.2681,33170580090.2115,166610.554304248,1938.65899991451,TRUE
2013,IN,2909293210081.4,357028101140.334,495141256898.525,1403962.74677562,447178.372002934,TRUE
2013,IT,427312787761.372,269830219563.278,86833472279.854,1561487.62169342,22243.8020148942,TRUE
2013,JP,1401076521966.56,546765654793.806,239258921359.183,3859109.61421415,63109.0480014971,TRUE
2013,KR,709315451000.679,272822889113.049,283479110083.966,948137.730676464,25430.0640047011,TRUE
2013,LT,23703725241.756,13555788835.0804,10094523031.2921,33971.4723608405,1291.91900972652,TRUE
2013,LU,9634625598.5859,11791407184.0195,6697101536.64288,47077.1093553055,248.260010355121,TRUE
2013,LV,14096043469.9952,9563354816.55609,5725632098.90546,20933.9810991055,898.911010258419,TRUE
2013,MT,3229457364.66837,3418829742.80944,1984482110.75623,7270.48184145681,184.861001662394,TRUE
2013,MX,647416488453.411,195557845095.248,156039812611.624,991930.857526532,48976.1759940444,TRUE
2013,NL,211005605089.709,165028625831.382,103231788306.059,642137.176349766,8712.25899806795,TRUE
2013,NO,73309145282.8892,60312559126.6813,38757399224.6995,387447.727431039,2643.27700167443,TRUE
2013,PL,382539895278.362,76227286496.9612,114907224540.187,376063.652012663,16479.8860050203,TRUE
2013,PT,62525375878.7477,31141479578.2515,21068937728.3317,162615.255684648,4427.7759952841,TRUE
2013,RO,98861552695.0952,30865861661.5004,31148231154.9169,134512.237103395,7888.8670023939,TRUE
2013,RU,2038009002591.66,291617985556.258,786158640546.003,1668509.48619246,72106.5330060106,TRUE
2013,SE,55914875746.6933,66297341534.3944,22644522214.4741,425305.218986248,4681.01400609275,TRUE
2013,SI,17618307134.9823,11984968059.2241,7689305255.93751,32491.7768910761,910.165991870675,TRUE
2013,SK,39287972642.3906,28894828100.2513,20342266033.3827,69874.4277815078,2327.63499984097,TRUE
2013,TR,437866899629.517,175519445425.911,95843090054.3645,678962.6146075,26406.6739980769,TRUE
2013,TW,320173443110.839,98477695259.5114,129031936851.735,352653.808168495,11258.8389935672,TRUE
2013,US,6233218482951.47,1568657712661.59,771120951316.241,12527715.0405645,149907.77800509,TRUE
2013,WA,2943052938961.4,1635240614816.3,1108499272227.05,2460553.39968089,389592.106133923,TRUE
2013,WE,558599981923.553,139910456631.762,260706062395.705,305060.928935254,35033.7513440009,TRUE
2013,WF,2041611785289.84,446276675485.125,403003788265.053,1397514.63536328,381070.699379142,TRUE
2013,WL,1411964735857.03,484379627449.189,373306315445.458,1986579.09085923,126946.352947859,TRUE
2013,WM,2713809702115.66,768868339170.305,1128160204084.1,2408868.3682835,96935.1200996909,TRUE
2013,ZA,492596450157.172,43361533469.206,111806984018.718,290156.34573216,16537.1118769949,TRUE
2014,AT,74515300379.4605,58692284580.9582,24135569978.3164,322947.344149185,4157.71901627083,TRUE
2014,AU,618159587772.061,172080207379.539,223394788754.04,1080779.84160681,11641.773004924,TRUE
2014,BE,110456006172.463,112326542745.935,44597863199.932,390938.362386216,4560.03299109172,TRUE
2014,BG,53448584794.8426,19590001291.0198,27207741728.4136,38988.3953388539,2976.24101059337,TRUE
2014,BR,1177521255305.45,235814820247.115,222130098298.993,1739967.36926147,92220.0919940001,TRUE
2014,CA,735487937256.188,215436140410.181,330107620405.677,1323153.04752835,18321.6590037821,TRUE
2014,CH,65835615609.1608,111490985872.725,28933571312.1678,536139.205803515,4511.31000077583,TRUE
2014,CN,12031393882487.3,1173536411302.86,2643960985664.78,7467947.9815256,752969.096848924,TRUE
2014,CY,13063781598.4161,5066551175.33189,4040897784.20943,15478.2127006481,545.811996674824,TRUE
2014,CZ,120117848056.95,48413257320.4661,58299511168.0304,145183.717587527,4969.22499915912,TRUE
2014,DE,949807301446.12,476184745154.097,312790023013.622,2850089.70112052,40533.7149999976,TRUE
2014,DK,77242380852.7649,41909782079.9177,49800612212.1018,255413.665552784,2670.6950020077,TRUE
2014,EE,18599145223.5445,8189856984.25046,10317596745.8429,19021.7901514084,625.672995124015,TRUE
2014,ES,327492437172.024,147380615615.652,88224315285.9722,1002562.83216861,17612.6860030347,TRUE
2014,FI,64303102910.5102,38533152747.4881,22668633364.6171,197294.235203921,2449.57900511376,TRUE
2014,FR,444447873696.571,307676001050.036,137316227647.911,2086280.93725369,27153.3669930034,TRUE
2014,GB,551727928774.47,379665160310.98,149073236523.297,2236074.66198161,30995.3400024558,TRUE
2014,GR,160113597007.421,41468254658.1726,57213822290.2513,165018.581746408,3493.45399999982,TRUE
2014,HR,22361056682.5766,11381990703.7865,6219193557.24461,41041.4447998067,1555.13798975478,TRUE
2014,HU,58598922184.8298,43855974246.6841,24903163386.8835,94636.8785309122,4282.26699425597,TRUE
2014,ID,824782864094.997,154678556366.517,175203874935.238,659972.028217698,120558.124010123,TRUE
2014,IE,73514153595.6519,39455525859.4297,31644749370.8199,183240.213902041,1990.44905489823,TRUE
2014,IN,3098820296357.12,338776659861.188,509092748593.03,1498951.34026349,454974.745996061,TRUE
2014,IT,405576461833.058,269549206403.62,88083558426.0905,1571333.55394694,22243.8509992649,TRUE
2014,JP,1350273398568.83,549253820819.667,270773936418.286,3617846.1240955,63585.3719954791,TRUE
2014,KR,697487475903.941,280239069221.697,257919716826.699,1027271.99125175,26172.9010044146,TRUE
2014,LT,23734677395.6131,12893296686.3546,10530747404.8381,35887.2924299152,1318.56799649653,TRUE
2014,LU,9207065473.05579,12045160916.2223,6523697411.42376,49669.4702777809,256.630004158525,TRUE
2014,LV,13854842155.475,11543719940.3334,5838556360.1406,22276.7260866543,896.749063277903,TRUE
2014,MT,3295969783.40079,3618140901.23831,2118465866.36373,8156.8055590932,192.075980294161,TRUE
2014,MX,634752539753.188,189768030222.676,141470405225.148,1017007.18068162,49406.1299950054,TRUE
2014,NL,202385814063.652,161071883687.034,104662162314.194,648193.110593659,8672.76099804463,TRUE
2014,NO,72528310292.547,50666253444.3748,40700445747.8084,367790.901487078,2659.45599846915,TRUE
2014,PL,366787945879.468,84344291065.5025,106472747927.223,391939.350615525,16850.9299959593,TRUE
2014,PT,62065512256.3995,31205153300.0472,20184230494.4155,163900.887425515,4499.9539987508,TRUE
2014,RO,98884688107.9922,28954692512.0832,32514699439.5576,140715.267120924,7946.88000440079,TRUE
2014,RU,2024991201152.38,250921131259.072,841949011458.582,1487299.06942173,72147.2079990279,TRUE
2014,SE,54227162384.4278,65620666891.318,22702844714.649,419443.608002163,4725.31499713858,TRUE
2014,SI,16173943246.2951,10287855253.5688,7213744739.70312,34784.3843960811,917.52600196306,TRUE
2014,SK,36593665034.0057,32064367178.1834,16979968831.9169,69600.9542893658,2425.09100959116,TRUE
2014,TR,465512010579.054,183141089575.003,106414469941.987,664068.14879931,26893.359007095,TRUE
2014,TW,326031788169.747,90451434548.8878,123383878094.155,362662.800325263,11358.8019932668,TRUE
2014,US,6263345112914.32,1587339394291.49,795873362369.176,13072130.618281,152777.147001387,TRUE
2014,WA,2979265985896.42,1611094370244.98,1089512780422.43,2574123.57673578,396033.111560446,TRUE
2014,WE,514159125754.867,114887013864.011,258684333490.784,272458.293176393,34621.9682683696,TRUE
2014,WF,2090551902523.27,441666722422.049,357762584293.59,1491439.84921126,388475.148446329,TRUE
2014,WL,1413579763744.4,443646290772.081,385744074770.932,1958185.37696876,128829.122670743,TRUE
2014,WM,2794879127045.48,790554054151.072,1119644749928.09,2379983.2754328,99343.7609943906,TRUE
2014,ZA,505124260275.864,38038154864.243,131532724261.568,270840.539751962,16746.3100033227,TRUE
2015,AT,75445921936.9586,55106166621.5721,27188639161.5251,327794.217186662,4202.32700079731,TRUE
2015,AU,617010281252.27,165214390118.158,208861983309.908,1104233.04634584,11873.1270011101,TRUE
2015,BE,115740421768.076,111320813066.588,49096188184.3931,400605.879002089,4571.25200184017,TRUE
2015,BG,57137399952.095,18031117363.4751,33363920371.5285,42309.1738069733,3043.45599926248,TRUE
2015,BR,1158535948812.65,181807579800.152,240406095423.243,1513149.66805857,91999.370007006,TRUE
2015,CA,731506553570.426,206466492206.25,334521829319.483,1373376.4783581,18469.8079990271,TRUE
2015,CH,69105131801.9363,124218696992.888,29676252918.1788,618875.017037126,4580.43399397544,TRUE
2015,CN,11865186775326.6,1189903312041.02,2701101417959.27,9267120.90956369,753540.648001993,TRUE
2015,CY,13031955176.9091,4970135933.37232,4193235844.04427,16776.9856029899,558.618006611551,TRUE
2015,CZ,121792914542.333,49407711775.4424,60347706458.9766,163344.264305176,5026.91100575126,TRUE
2015,DE,946776634524.111,458602143279.309,333647091000.358,2950647.16425222,40919.0679979991,TRUE
2015,DK,77513182887.5428,39259533452.3856,47171219977.6854,263293.602439909,2718.02600032968,TRUE
2015,EE,16427012114.8749,7194688459.45673,8042288716.37517,19894.7524667811,638.733999949861,TRUE
2015,ES,337592075576.907,140201496875.524,90182797877.6228,1050875.71155267,18132.0460010018,TRUE
2015,FI,60526771413.6927,33763356006.1941,23119101585.3628,194945.342326068,2440.79401100096,TRUE
2015,FR,450070686621.876,300515543620.493,136533892944.191,2135651.45486285,27188.0120200185,TRUE
2015,GB,536095269101.71,389565851317.863,142768384410.259,2558205.12905434,31566.9240210064,TRUE
2015,GR,157390206214.991,36808051621.2451,64707212522.7639,166802.624796733,3554.3299933635,TRUE
2015,HR,22857384370.1534,13449785903.2993,7549959852.83672,43236.5305296271,1576.41300102453,TRUE
2015,HU,61567748268.7828,39548147807.6014,28577604327.1969,97928.826990179,4406.44001513359,TRUE
2015,ID,822760199131.604,145495058445.674,181984391476.165,764415.146022358,121554.894003907,TRUE
2015,IE,75277924772.0558,37704401868.6865,40777934294.2677,240124.314443897,2059.34298723771,TRUE
2015,IN,3145268588982.11,394142285747.91,445058670037.484,1877596.42991361,462550.053014131,TRUE
2015,IT,412979161022.59,280119946771.148,84244855739.2991,1615359.20126126,22392.0349998068,TRUE
2015,JP,1310585354775.33,500159740428.94,244826450971.813,3931237.39444704,63766.9620087922,TRUE
2015,KR,709968343062.811,288560127164.969,215684076088.537,1202185.7261457,26538.6290088367,TRUE
2015,LT,24457114823.0746,13900744985.9276,10452599768.8715,36075.843884075,1333.73698463634,TRUE
2015,LU,8776995314.9938,11939581665.3867,5832973849.14727,50989.6434014523,265.17299917707,TRUE
2015,LV,14014800873.6674,11550622412.35,5487110403.9541,22414.1756389537,908.410005194892,TRUE
2015,MT,2764295353.80519,3933867020.78863,1924001760.38559,9394.91636127973,200.88700567431,TRUE
2015,MX,593896760973.275,221320735993.99,156681168340.478,1083281.4561027,50524.2149982824,TRUE
2015,NL,210833841035.784,187310034643.135,115109290609.66,668942.515513541,8824.2278474338,TRUE
2015,NO,72879732544.2084,50215998487.4175,34544175135.8221,339561.330762446,2679.80199384102,TRUE
2015,PL,368877378422.824,80452606000.346,109862875447.385,414493.999584339,17091.65800915,TRUE
2015,PT,66068657718.4384,30680005022.8618,22574692106.0704,171266.977701102,4554.84601334691,TRUE
2015,RO,101049300441.246,29239735235.6502,35255027467.6941,148865.757510872,8021.08200772634,TRUE
2015,RU,2005885660511.14,169039748990.701,839117104979.455,1193551.31609176,71555.8740001734,TRUE
2015,SE,54080374243.2548,63827397675.2814,21946429179.2033,438725.370967716,4794.2960091129,TRUE
2015,SI,16363592153.0448,11005051574.2083,7722878023.51789,35970.8228744311,919.927002871966,TRUE
2015,SK,37095728471.9743,32008216773.4164,17627642227.6378,77636.1011628984,2421.83099671333,TRUE
2015,TR,480868780864.736,191396417854.813,100043137613.8,736305.63318192,28032.0580001067,TRUE
2015,TW,325860653663.126,84245441469.7755,137833119100.596,419653.433093623,11455.4480298138,TRUE
2015,US,6142681781160.65,1718242620077.85,836155858917.623,16285025.7100941,155432.025003046,TRUE
2015,WA,3023270099625.05,1551423979344.3,1082518319915.68,3021685.1788933,401338.733246473,TRUE
2015,WE,464330955513.657,89506491853.858,231878221849.147,251629.954911268,34542.2128726736,TRUE
2015,WF,2128745912165.64,420001420279.631,335906862903.013,1583307.8111948,396831.050533951,TRUE
2015,WL,1419992181919.67,537168453835.646,372616331061.045,2311507.0513679,131013.17313074,TRUE
2015,WM,2851498622554.61,777656054002.211,1124165233799.72,2519795.35040463,101099.585005016,TRUE
2015,ZA,479025702344.702,37331953229.057,146045497885.537,294495.428847725,17561.096012839,TRUE
2016,AT,75773701229.5743,56129904840.5588,26462698495.4148,340947.367517098,4266.23400108648,TRUE
2016,AU,593916654287.952,164515929814.085,238738502170.001,1159934.91902026,12085.9149980293,TRUE
2016,BE,113971954475.846,110670544041.914,50474401369.5285,412032.568626245,4610.0999956185,TRUE
2016,BG,54578715236.0447,16688726407.4995,29968837457.2694,44633.1134303122,3019.27800293191,TRUE
2016,BR,1125595049190.05,149819487654.381,205890121039.242,1501991.8827246,90087.0829920033,TRUE
2016,CA,724173775379.347,193851887564.984,351606965872.581,1353712.8805007,18583.8090010289,TRUE
2016,CH,74961553662.2825,132878287472.855,34244430240.2591,612706.738304346,4654.25900400807,TRUE
2016,CN,11865898707293,1178896632099.51,2518804230577.26,8912455.46452287,754056.300990757,TRUE
2016,CY,13276627204.9689,5900951437.3174,4535419193.09564,17294.1885334883,576.812004796569,TRUE
2016,CZ,123549227881.581,47883281411.5738,51324078087.4781,165355.57182576,5116.72399985802,TRUE
2016,DE,944869918788.602,453845682945.807,331626432052.514,3057727.61710289,41555.0809970086,TRUE
2016,DK,83333743472.0288,36622296722.2919,53709342483.3253,272192.931148708,2767.25099727138,TRUE
2016,EE,17372905503.303,7186565742.78934,9395736309.56869,18459.0042766108,643.544990869866,TRUE
2016,ES,327859651259.755,141396582450.62,89238365349.5922,1088538.17408587,18637.2059819962,TRUE
2016,FI,63204460078.8752,35209209280.5805,22555345684.235,201669.904667548,2455.80600499976,TRUE
2016,FR,452414301031.176,291392179459.693,145370179539.14,2169228.36831276,27296.352995008,TRUE
2016,GB,513155175804.767,357895436863.811,148916763211.782,2355466.80645612,32084.6189919932,TRUE
2016,GR,158747122600.064,37392814356.3336,50958134099.7828,159556.027121556,3606.81699999916,TRUE
2016,HR,23196192623.365,15283776530.873,7870295116.66946,42785.1351443753,1571.95500038071,TRUE
2016,HU,62748014909.0099,33434001631.6986,27665963960.9625,101899.326453119,4558.24499600492,TRUE
2016,ID,819863248971.963,137671900038.391,140429300365.624,824629.342748393,122974.457003567,TRUE
2016,IE,78160345834.9529,54616578328.2431,46725875447.49,249536.997658876,2133.23898310797,TRUE
2016,IN,3182744327087.61,397012650459.64,485395903878.621,1995502.3405024,470126.534986157,TRUE
2016,IT,407367559965.358,253228332403.161,86264374666.4335,1647874.41342424,22699.0830056963,TRUE
2016,JP,1292123476402.8,477961299649.255,232971307599.561,4427256.19728707,64488.0350099996,TRUE
2016,KR,711971883659.643,283717596298.705,208466925179.735,1230755.23343339,26819.2480079302,TRUE
2016,LT,24610916035.6054,11104798003.3183,11598561765.5467,37520.8320774001,1359.15999612115,TRUE
2016,LU,8476355244.90862,9596558030.5573,6024830411.94435,53564.4892467561,269.723014501171,TRUE
2016,LV,13780799983.9009,11567987448.471,5424401584.27134,23313.5603453218,904.040992678606,TRUE
2016,MT,2558639790.33143,4599910812.45305,1844984782.23995,10233.6710363009,209.32899852535,TRUE
2016,MX,652020944841.799,208234763298.028,181655717056.588,989448.687875485,51437.1249836389,TRUE
2016,NL,212421966998.125,158514039605.84,105262547729.701,687979.764716844,8953.67299202943,TRUE
2016,NO,72701306708.0016,50861845033.1408,31791973109.5811,326853.860796289,2687.04500471844,TRUE
2016,PL,380462681894.929,81099068104.3203,113326379925.013,406987.161929587,17389.649825011,TRUE
2016,PT,64937253426.6663,29310673323.5021,24034479919.9846,176710.834038358,4614.47099979699,TRUE
2016,RO,99992755177.1844,32876860869.8358,33680911632.718,156791.853342786,8004.14897601344,TRUE
2016,RU,1990934240178.6,156712318605.661,741471595201.788,1120915.92882369,71688.4321590839,TRUE
2016,SE,53549433237.4672,66137393317.4714,21938261396.936,441807.625903517,4879.29298412054,TRUE
2016,SI,17068698865.1733,11465280560.1214,6517310762.34059,36745.5970450663,917.201002368236,TRUE
2016,SK,37889962216.0668,32330824855.5784,17745973912.2118,75487.6370244209,2488.38900673238,TRUE
2016,TR,510987713944.139,167247252567.028,99312180977.9107,741187.648911489,28920.3549940899,TRUE
2016,TW,330694152847.743,84683350361.5493,121888054962.089,429269.824529051,11525.0620027156,TRUE
2016,US,6038982958762.55,1677136053905.34,720064270537.002,16779293.3038022,158225.979004036,TRUE
2016,WA,3150724535359.94,1605341149087.03,1063647084128.74,3091246.17166281,406242.859967112,TRUE
2016,WE,481779445878.007,84916827778.9815,207924411355.903,253052.760535694,34577.914175461,TRUE
2016,WF,2056113803655.78,405802057779.995,306987169438.419,1515229.93845546,406822.433198092,TRUE
2016,WL,1422796226156.45,397008014234.388,403067458672.11,2202722.51672456,132517.836476951,TRUE
2016,WM,2946917142086.65,751940965336.464,1191775507739.51,2515122.23606323,104057.884996909,TRUE
2016,ZA,475035725556.576,28915482085.8526,121912014461.783,278186.708684342,17476.0390305437,TRUE
2017,AT,77802550707.0151,58845624537.1848,26420237354.4243,353620.498812677,4314.30299747248,TRUE
2017,AU,640347917802.943,192941383052.677,301213474483.712,1225835.690268,12363.8030080149,TRUE
2017,BE,113181914063.007,111328482036.052,54997487528.7144,428849.037638735,4680.77800115014,TRUE
2017,BG,56904475139.0051,16094425141.9048,33376573241.6224,48158.8745864903,3157.31500241524,TRUE
2017,BR,1145568087400.28,193493946612.74,251513281991.673,1705139.71886389,90238.8949980168,TRUE
2017,CA,737437324959.679,212298180255.856,344806418353.281,1422447.84151834,18996.1490070634,TRUE
2017,CH,79545975052.2982,115807698079.593,39699091752.0434,607495.926970468,4692.53600305619,TRUE
2017,CN,12119880143003.9,1438792675443.63,2751659814100.31,9971126.51428945,752942.204996977,TRUE
2017,CY,13271919555.6497,7120384860.02469,6200514920.9669,18181.8075773845,603.090996723276,TRUE
2017,CZ,124033438878.542,54064810608.6783,43680477638.1568,186492.88655791,5189.19100815675,TRUE
2017,DE,922896243564.234,483269851529.431,311225528109.651,3181474.85144854,41977.0770070184,TRUE
2017,DK,85038510102.2519,68559492643.1151,58532675686.1522,283608.724382529,2797.01099887485,TRUE
2017,EE,18173532755.8199,7240710913.74559,10632077302.6692,21200.970052673,657.074993812811,TRUE
2017,ES,342752826132.435,152263416202.051,99423243523.1132,1130532.70155829,19182.187002,TRUE
2017,FI,60274319093.2326,34321931836.2253,19862579352.7317,212340.226970669,2474.12801100045,TRUE
2017,FR,458475696625.715,308317704531.717,144011544929.772,2227629.53339025,27562.3760071845,TRUE
2017,GB,501039076367.007,350765001805.043,161113324830.5,2297192.03517797,32422.0830051785,TRUE
2017,GR,160322167541.017,37498383321.043,60261442545.0303,167168.339656614,3690.01999300128,TRUE
2017,HR,23876367504.6132,20833164513.2362,8351541237.12048,45895.307944256,1592.74000253521,TRUE
2017,HU,65292214644.7623,39792737628.2016,31769938947.4318,118179.387213416,4634.13098802218,TRUE
2017,ID,870268196174,180904045785.183,186430442786.166,882705.191670453,125987.254004165,TRUE
2017,IE,77030488803.1703,52797180253.259,42992206571.7119,275116.994697937,2196.65200498984,TRUE
2017,IN,3311069926027.48,470685204573.804,511919828454.571,2248080.72184065,477440.33699895,TRUE
2017,IT,404013873210.079,249402904810.807,85155060710.3252,1683613.24206423,22987.8849987389,TRUE
2017,JP,1278379097178.06,536055602592.974,239196552085.828,4278846.01595009,65225.6700020152,TRUE
2017,KR,733417734377.88,347032215988.23,230991681733.443,1300633.94306266,27145.2629975764,TRUE
2017,LT,24808379241.1952,12975438323.8513,11650584300.4771,40884.2612853343,1356.02199737332,TRUE
2017,LU,8358958220.8504,10582294178.1483,5925828627.86853,56291.7945282641,277.913006454072,TRUE
2017,LV,13429147009.9102,11062663592.2198,6043303504.65163,24639.8304535819,908.98700465165,TRUE
2017,MT,2830929220.21182,5811326673.1276,2278193976.8689,11530.6829252198,221.30199949493,TRUE
2017,MX,654336349387.371,224842060512.749,169335201965.916,1041942.43931157,52264.032998561,TRUE
2017,NL,209070153731.232,176059258411.619,117763091700.12,705173.811705782,9122.20999201368,TRUE
2017,NO,72818737198.9739,42667159108.2307,30596014467.9823,344766.065641114,2692.90599451139,TRUE
2017,PL,394822911064.57,93101713885.4985,127982363535.602,444444.907358886,17690.3500090016,TRUE
2017,PT,70158859964.3033,30373530785.6245,25338148008.3931,183211.980247324,4768.30399184827,TRUE
2017,RO,103111755569.21,38677397957.9588,35686299950.7915,175462.481097767,8180.05499649681,TRUE
2017,RU,2038285117236.36,187494453921.196,853803789197.305,1355986.59839413,71491.4137938915,TRUE
2017,SE,53232428566.0444,64012966670.2503,22161681302.531,456165.116223212,4975.46881003106,TRUE
2017,SI,17202297593.8451,12170135418.7063,9350252547.21158,39460.1885712267,958.907998500291,TRUE
2017,SK,39790817243.7343,31643019117.857,20944361678.3658,76456.626163289,2525.68199875876,TRUE
2017,TR,556523054346.826,188305518580.846,134098067286.544,714165.774916863,29982.7970501019,TRUE
2017,TW,338445723312.699,71798347948.0106,131111180336.75,453166.400442447,11617.2109677768,TRUE
2017,US,5978265119127.86,1722995345686.91,794344507777.708,17114354.1889712,161099.164015035,TRUE
2017,WA,3324013279643.53,1567571077095.44,1285986963807.84,3254319.53533466,410725.015978994,TRUE
2017,WE,452867388638.098,152424726306.959,202397048235.037,282897.347566517,34564.4799302458,TRUE
2017,WF,2081070543968.26,478059039417.883,376228736442.766,1585088.7486273,414833.919478471,TRUE
2017,WL,1383503408992.75,485496830192.384,372446712075.186,2308274.15584009,134933.870487382,TRUE
2017,WM,2991960799502.96,805053420393.512,1264202843116.49,2578847.88878116,104976.448999548,TRUE
2017,ZA,483938377987.832,66319512133.3851,164912181855.246,319874.879116904,17731.048008019,TRUE
2018,AT,74872295173.9585,62429398600.4308,29001757687.1182,369176.676844292,4381.63198900066,TRUE
2018,AU,635677303105.044,178943885711.457,250704218576.301,1210538.39047649,12699.6500059988,TRUE
2018,BE,113187053697.744,117098370271.215,53070214067.0529,441902.479908354,4791.50600070049,TRUE
2018,BG,53000776228.5694,17585228521.551,31250210209.9541,50159.272248696,3156.59099607456,TRUE
2018,BR,1115319054939.99,200643627488.427,286911271067.963,1509708.8356258,91664.554997451,TRUE
2018,CA,752559014318.243,213028817345.618,353205584159.608,1427673.97263184,19316.3190045847,TRUE
2018,CH,82930159340.0055,135247693462.933,43700416786.3148,606875.030930061,4730.82999703741,TRUE
2018,CN,12628928564665.1,1568297437549.25,2774245327632.96,11089926.0700309,751996.989007033,TRUE
2018,CY,13100226970.0118,7013097493.69755,5207509042.50216,19394.4330710908,639.100988438885,TRUE
2018,CZ,122717976196.341,53990454933.0925,44949135327.1439,197625.670005453,5243.41799181394,TRUE
2018,DE,885178086058.91,483381900568.194,312984341536.371,3278164.77374614,42372.1939950079,TRUE
2018,DK,87776788618.2384,39282333316.5363,57966651337.1369,288687.868580466,2839.4880149538,TRUE
2018,EE,17591701081.9493,8069114199.60513,10529424446.7048,23610.9291441042,664.06600654987,TRUE
2018,ES,335120172422.754,163792669809.209,96242463896.7952,1177107.45706682,19627.8460160001,TRUE
2018,FI,61361488073.93,37569822121.1162,21896989771.3939,218620.445398756,2543.56501104237,TRUE
2018,FR,446822924169.889,320167574521.843,150358941307.124,2274700.58764479,27855.3229981395,TRUE
2018,GB,490831887597.757,341986652860.396,149225548874.183,2364631.99574016,32834.3930107349,TRUE
2018,GR,156844896534.935,45902685499.6558,38780332035.0063,169529.762356256,3772.75600500061,TRUE
2018,HR,22755978610.674,19805694045.374,7332835337.69327,50128.9609268697,1607.33022246587,TRUE
2018,HU,65477292015.5955,44108195327.5171,30741944997.5161,123723.563900314,4692.02394000123,TRUE
2018,ID,957280135891.168,200060743787.333,226382290430.976,865666.181555867,128630.938991609,TRUE
2018,IE,73826373647.127,55260634023.9592,43055511745.2676,284310.802255305,2263.30399502345,TRUE
2018,IN,3456007860664.97,502477061193.629,543336392559.859,2266614.919707,484221.154001374,TRUE
2018,IT,398661426468.136,270698046950.812,86368111816.6928,1725945.93771442,23193.5579882886,TRUE
2018,JP,1235001641187.55,563444149127.417,234784869260.455,4192335.30505024,66558.6360019957,TRUE
2018,KR,741542174665.56,339190027890.867,225693980175.807,1332994.23709955,27206.6160023434,TRUE
2018,LT,25134149721.0038,17329228177.2669,10747113410.0097,42461.3773686229,1375.17299932299,TRUE
2018,LU,8195495417.31767,14604302987.6212,5735870280.72833,57775.8335098713,286.001002904207,TRUE
2018,LV,13914436789.978,11512133599.4744,6650259226.47039,27231.8138810997,921.397003980888,TRUE
2018,MT,2916670887.24273,6036909087.04722,2497879452.91214,12571.3757618394,239.213993704186,TRUE
2018,MX,627605809068.99,246019494302.22,178058259392.923,1051880.42221773,53337.2060142038,TRUE
2018,NL,203181448898.941,171605130682.608,117846542950.948,750361.0109151,9331.94000614526,TRUE
2018,NO,72311932434.0841,45568861493.7254,30184587184.8182,358725.141256985,2728.59500303475,TRUE
2018,PL,392663648757.368,95868495760.8545,119429490992.951,476377.286065215,17850.0189939996,TRUE
2018,PT,66234531752.6799,30539997474.796,23071688314.2011,194107.249208658,4884.68699414784,TRUE
2018,RO,104925980384.163,39931891633.5336,36759193714.1914,193277.453216515,8191.55000245647,TRUE
2018,RU,2115145529558.46,187952885296.568,834114182844.734,1359134.90946507,71731.5579904462,TRUE
2018,SE,50770754652.1473,64066447011.0557,22544540174.7378,449506.605318855,5056.17499806894,TRUE
2018,SI,17026407986.2982,13561103742.251,9139503132.42619,41415.071793761,982.933001676334,TRUE
2018,SK,39076688036.6885,32294972683.3472,20538311712.7696,82382.4473769116,2561.71499175062,TRUE
2018,TR,560028124625.971,176327748610.674,143391069239.545,618959.089940188,30749.90500012,TRUE
2018,TW,334704230508.085,76591095233.8937,129734218693.222,458176.431725599,11695.9159892147,TRUE
2018,US,6154717732923.58,1683219647820.73,836375415503.23,17236943.7928637,163682.726993974,TRUE
2018,WA,3357414274140.99,1676164286159.96,1284185598081,3318083.81456603,416831.54026949,TRUE
2018,WE,470054900701.611,160716334002.705,224716877977.939,306211.722591777,34689.250159099,TRUE
2018,WF,2258510999280.7,475073501536.61,509009206532.938,1556468.06630741,425783.570013059,TRUE
2018,WL,1336854409786.32,463278765883.305,409118724152.267,2133495.36719388,136750.672233654,TRUE
2018,WM,2888109344969.63,817742607550.982,1309988119978.41,2603728.55073582,106248.420994284,TRUE
2018,ZA,489668220931.308,66776266143.7045,190494496466.81,326040.343949264,17967.2229953409,TRUE
2019,AT,75825817249.9581,58901661385.7551,24471354035.8873,376648.724462097,4417.22398899886,TRUE
2019,AU,606218039433.781,150685317628.37,273470100671.738,1210637.88798945,12976.7399979985,TRUE
2019,BE,112222141502.31,111005227079.817,49763879781.2749,462329.900729971,4870.87358471989,TRUE
2019,BG,51717810249.8249,17766799799.8563,29070047709.0786,55059.7723973885,3234.15701074335,TRUE
2019,BR,1132800576766.89,186471387857.853,315068852726.842,1557969.5063355,93578.4630057591,TRUE
2019,CA,748244477793.369,213141295449.537,351328108505.031,1526029.07027324,19701.7490104993,TRUE
2019,CH,84838173312.2986,144366663188.44,45970285242.3768,638786.301245738,4760.72199604102,TRUE
2019,CN,12881108040158,1533849139322.05,2856308438401.21,9464883.69682969,748844.757992309,TRUE
2019,CY,13133291642.4201,7213531077.12935,6724144194.55199,21499.9170208287,663.988992486369,TRUE
2019,CZ,117399682612.665,52846606692.8495,39455169272.0347,218669.788951793,5228.20107801811,TRUE
2019,DE,823337791867.318,485951738819.567,279013934660,3380186.46680209,42829.6999989884,TRUE
2019,DK,84803341691.3421,42305165345.2427,56847990858.975,295692.964551987,2882.14800650054,TRUE
2019,EE,13505666225.7986,8517694582.89659,7449199728.71621,25001.879964392,668.695999350722,TRUE
2019,ES,317164965292.68,149921609507.13,87676058397.6273,1209764.13007522,20087.2769884724,TRUE
2019,FI,57754176535.0504,31781322535.0801,22724607243.2841,222534.252796745,2565.10698199912,TRUE
2019,FR,434993616387.644,304982981254.219,142583805202.795,2362044.20204355,28002.646998055,TRUE
2019,GB,472168607657.501,341975340825.157,166889104500.49,2467286.43639748,33193.7089937027,TRUE
2019,GR,146954782289.123,42055445691.4793,42678712091.8569,165328.311211516,3875.4210070003,TRUE
2019,HR,22727831006.4445,16537750902.5053,7551330367.31852,52880.0508789606,1622.61800093133,TRUE
2019,HU,65917068700.8344,43057922070.1048,31248773282.2663,138357.491558112,4717.50223000044,TRUE
2019,ID,1006003830080.88,200803766830.096,268625421025.805,979576.605085179,132492.006993109,TRUE
2019,IE,71179515028.9754,98270719909.771,47425315255.5215,285431.446959931,2325.52600416631,TRUE
2019,IN,3465046641130.72,465925038193.006,576186198001.653,2477867.632664,496786.96300627,TRUE
2019,IT,388931842752.022,230199965859.714,89378656151.9746,1751994.56065668,23352.0990051999,TRUE
2019,JP,1192470383321.89,550191670556.253,229361864885.399,4486576.94347525,67229.5229965174,TRUE
2019,KR,715669888293.921,326050830488.61,203035911648.547,1346963.55176056,27493.7390013098,TRUE
2019,LT,25509549969.8737,16184444601.3996,11723925281.1667,47409.0082113978,1380.60100900823,TRUE
2019,LU,7978861804.02034,12201773858.0665,5907551182.2909,60051.0085093032,295.516004228007,TRUE
2019,LV,13875783229.1067,9198479942.10939,6377663055.67703,28217.0179999704,920.918000994417,TRUE
2019,MT,3059031702.43679,5868968836.05821,2585758670.76385,13884.9387691208,255.50101741606,TRUE
2019,MX,643347188378.342,228783100383.936,186051941555.876,1152109.84266096,54646.2089726967,TRUE
2019,NL,196236149402.055,170169661866.266,106898286563.414,786622.552113167,9505.51600316015,TRUE
2019,NO,69562086362.578,46378034533.0097,34699912958.9106,351493.212838151,2769.78600246903,TRUE
2019,PL,375159509613.699,92311956019.0364,116182165534.954,510922.314473825,17903.0230109994,TRUE
2019,PT,61488811142.6656,29568017192.5426,21669988504.8374,204582.4646304,4936.71699504841,TRUE
2019,RO,103859539522.093,40685932773.8801,36417465484.8405,212032.864667113,8192.24099528903,TRUE
2019,RU,2125988283486.49,191801438795.372,804068862960.752,1450756.95255881,71137.4399010232,TRUE
2019,SE,49779529931.5073,57334136209.5086,19191913596.769,458075.223922243,5087.82499602806,TRUE
2019,SI,16567642893.2175,12110184082.8338,9253683075.21458,45020.3824074859,986.692997610059,TRUE
2019,SK,37190480386.109,32810153964.7666,17735669156.3786,86382.0170843301,2575.98590678138,TRUE
2019,TR,549695833727.811,140991178259.396,146524958765.87,632551.010406867,30038.7929921048,TRUE
2019,TW,325344676555.669,72513671688.3743,114809464823.019,492004.261726713,11760.0020136152,TRUE
2019,US,6010863611626.21,1740739045373.77,792516764361.566,18944979.8222074,166450.89301247,TRUE
2019,WA,3365271166180.28,1634502878369.46,1343529753558.1,3609435.64159419,422103.714126037,TRUE
2019,WE,456494239681.375,156583139755.098,224086446852.354,347246.357210797,34876.1343525764,TRUE
2019,WF,2200459334641.99,473618667414.829,388333181575.301,1677958.98568737,436697.834854318,TRUE
2019,WL,1297892011699.16,414612589973.75,435460986730.496,2126902.86621688,137570.627330621,TRUE
2019,WM,2933319204266.25,886141606701.37,1122316136432.65,2793713.32603695,108556.999007228,TRUE
2019,ZA,495187385096.66,60306789454.7269,143542698378.601,330639.111095005,18042.0150036901,TRUE
2020,AT,69630573485.3373,49105288826.2105,23001995687.5526,368471.792713081,4370.38799299974,TRUE
2020,AU,549957171340.933,137526931788.451,220076932540.787,1235585.43499659,12768.3359870001,TRUE
2020,BE,103933717112.415,89891619015.631,45274512053.9336,448918.369751536,4841.15000645557,TRUE
2020,BG,46882261926.0677,19151884512.4085,23280576165.3467,51819.4594742604,3136.76300100209,TRUE
2020,BR,1119795854029.9,160820032519.92,375740510202.24,1194003.41273793,86304.2516932136,TRUE
2020,CA,677042623716.877,186786608978.178,319150203202.809,1413435.65529876,18594.8360000047,TRUE
2020,CH,78724712373.6819,118488327869.785,39250294011.6965,643903.777468506,4749.66298177909,TRUE
2020,CN,12975360381507.8,1596208268449.71,2593975844554.61,12506768.1213224,733358.996998404,TRUE
2020,CY,12376618064.2305,6339327785.5511,6717443826.23012,20451.5498683062,663.69199269418,TRUE
2020,CZ,107803527586.354,46876932454.6927,40243302614.2312,206666.597869176,5134.85487011098,TRUE
2020,DE,754246554840.351,418051067144.029,242265093140.189,3315612.02861036,41923.9080879978,TRUE
2020,DK,80305993571.5417,36335182408.1933,54311541309.4988,297113.563352758,2861.15599408156,TRUE
2020,EE,10178854636.5606,8631945502.98669,5427433030.70002,25172.1332033494,651.699992905701,TRUE
2020,ES,274145827729.691,125079000524.564,78245276031.3013,1089251.17397351,19489.5350134863,TRUE
2020,FI,51454251102.8321,26884448065.4027,18153245573.276,216177.109840246,2531.55000100067,TRUE
2020,FR,388132450557.479,256901417631.421,128245757337.044,2246327.55063597,27916.4669856551,TRUE
2020,GB,415674851173.63,274744198325.763,130393400251.304,2298555.90440406,33010.3400044199,TRUE
2020,GR,129563311566.716,36792165074.8157,31578101921.6305,158071.46945965,3865.87398999941,TRUE
2020,HR,21796155672.7835,16232530173.1508,5993702206.45702,46372.1503805799,1595.93100717071,TRUE
2020,HU,63455788739.2382,34389227778.7298,29067214384.1966,128262.905323897,4665.89007473789,TRUE
2020,ID,952003604834.943,137076327653.864,255871607141.773,915105.745305353,131530.065982103,TRUE
2020,IE,65094541060.3476,71535896489.5863,37222768900.2696,367773.305110754,2295.27600159803,TRUE
2020,IN,3278749176243.7,411497048486.736,550415538691.527,2266993.2442562,490676.457980121,TRUE
2020,IT,349932951778.54,198839329716.815,71536066443.8303,1625878.27564833,22892.8610024261,TRUE
2020,JP,1122232606803.18,463783975400.436,196364656588.79,4336400.50588656,66750.9039949728,TRUE
2020,KR,659075232112.64,295957885889.884,191351826142.186,1312994.66842238,27266.2289885175,TRUE
2020,LT,25163710934.7471,11218485200.2609,12275599376.3595,47223.5472716444,1360.78900230891,TRUE
2020,LU,6072289607.05483,10981893163.4219,4274124038.16631,62119.2439593631,296.913995483193,TRUE
2020,LV,12985620336.4969,8645992259.64574,5623973588.94146,28459.557427907,903.572990191391,TRUE
2020,MT,2756740259.79872,5694517813.34226,2041416276.4656,12988.2910857273,265.867969313743,TRUE
2020,MX,578827093485.049,191033602917.118,208864059118.292,968388.731495872,50605.4399969861,TRUE
2020,NL,173887539255.173,149798434136.881,87439159873.9875,770389.857049677,9510.17101004618,TRUE
2020,NO,65782148891.3558,36629987874.0192,26802383922.9692,305481.482587439,2766.81098995877,TRUE
2020,PL,357324426321.194,84379200656.8051,134173081400.763,510452.072339419,17860.1799920005,TRUE
2020,PT,54463573148.9305,26835600217.2849,17065221675.8924,188551.049712639,4822.86898730782,TRUE
2020,RO,96526330360.0867,39996281524.4962,30743227799.8237,208852.812289016,8038.9880043993,TRUE
2020,RU,2040484871712.97,158471099616.993,702998624169.713,1266325.33368376,69859.6059959897,TRUE
2020,SE,47554079100.5391,55219653068.8031,20236252980.6011,460468.505435954,5014.4958291503,TRUE
2020,SI,15294615112.0268,10029461515.4323,6377659726.02517,43818.5238272397,980.162998272562,TRUE
2020,SK,35265995606.5704,28415128788.2044,14897343212.3098,90299.6945975838,2522.17799081665,TRUE
2020,TR,557032359894.034,151575208001.85,151634880447.552,596239.342851445,28488.7879941177,TRUE
2020,TW,317653030552.118,71502963668.5472,107237789887.695,508985.393637582,11756.946004814,TRUE
2020,US,5437860930948.23,1560173257815.11,678103418018.505,18438199.7001328,156777.720005006,TRUE
2020,WA,3306273583482.97,1570468920177.94,1162576198897.32,3416223.43354837,418472.65397254,TRUE
2020,WE,437356548271.717,143135312579.151,200444266600.01,337501.356781649,33851.5120163338,TRUE
2020,WF,2171439147589.2,441237669480.09,294968352110.108,1534133.47889048,440253.678288965,TRUE
2020,WL,1191353903808.85,361564279695.255,362700588545.397,1852918.60368905,127152.618138769,TRUE
2020,WM,2780483268932.91,787819677612.704,1060112415281.13,2525730.65842569,106865.346000087,TRUE
2020,ZA,475037623924.046,47405609742.8166,171414225091.648,284643.439772622,17118.0799940771,TRUE
2021,AT,72438367966.7288,60663145595.7162,23847272451.3482,405255.231882224,4355.31699767,TRUE
2021,AU,559546735275.914,181192781540.014,228435749842.089,1481938.07514099,13253.1470172186,TRUE
2021,BE,107860760845.882,134832109223.641,56093040715.4598,507946.911411031,4884.93498628186,TRUE
2021,BG,47390017298.1351,13693201407.1499,24474278506.8102,71055.780323163,3080.59698665493,TRUE
2021,BR,1080455957217.71,216999157294.153,382343946662.805,1394794.01887935,90390.5722035954,TRUE
2021,CA,668095901488.819,233837769294.856,341831024736.901,1692302.98821788,19533.2800064709,TRUE
2021,CH,76423057684.162,106979683621.627,39155504341.1343,687755.800117035,4738.73501183146,TRUE
2021,CN,13590651282796.3,1973977416942.87,3132191783646.39,15067607.4587226,753075.795091393,TRUE
2021,CY,12772002990.039,3304803445.96077,4674514518.78162,24928.446025595,680.404008388084,TRUE
2021,CZ,113083445064.978,60298864592.8017,57587228510.1584,238260.943751865,5107.22547517819,TRUE
2021,DE,778664515786.557,507388519037.855,295391327138.527,3617573.2936321,41978.9159945516,TRUE
2021,DK,83239594060.0979,43628502516.705,57591431039.8569,343018.51464231,2923.76499541183,TRUE
2021,EE,11044005958.6877,5738768500.70956,6682313594.5274,31445.9846897962,660.165008243493,TRUE
2021,ES,291747502649.158,151811006593.299,93362444448.9149,1222331.65942689,20114.4190780234,TRUE
2021,FI,51655914932.6392,32898836903.938,20504463756.8491,250931.5522347,2586.71399502538,TRUE
2021,FR,417270889955.854,292598006106.466,117057624813.576,2502203.27994434,28753.9078263295,TRUE
2021,GB,435426625546.831,342388641895.23,124090234850.697,2656215.57167255,32780.6820086626,TRUE
2021,GR,133907003268.359,37433636918.4576,92018558493.3803,181506.559095716,3907.07599999932,TRUE
2021,HR,22311059203.6355,10930890444.0658,7980521156.73579,58504.3136040575,1611.73191820206,TRUE
2021,HU,65010700983.034,42569676719.0133,29902494059.6026,153961.310357564,4712.55899599889,TRUE
2021,ID,933747295704.154,151754527579.103,292125010348.592,1003217.59977688,130480.573998582,TRUE
2021,IE,68145937596.0745,86730485299.792,46116048003.7044,434084.534169231,2402.39300034293,TRUE
2021,IN,3412093543851.97,526245322141.618,632427577039.565,2684769.06875133,515239.070022096,TRUE
2021,IT,381196656821.863,309633334613.489,87482212240.8716,1822406.61083656,22883.2099429586,TRUE
2021,JP,1140744689725.37,497284929572.528,334041625446.186,4232296.21777599,66728.1140032884,TRUE
2021,KR,678074126400.998,375230723412.185,270084888928.322,1537526.13430864,27563.5379995003,TRUE
2021,LT,25460721815.5484,10082344762.0018,15094854556.6613,56480.0318877433,1372.82900256545,TRUE
2021,LU,6325511118.33336,22182948460.6564,4548150968.50908,72363.3216697256,312.489000819654,TRUE
2021,LV,13264933087.9694,5056132694.85771,5767452854.53668,33350.066792776,880.013999361866,TRUE
2021,MT,2680343931.39161,2511608101.47089,2017388563.45391,15293.1195939381,275.914995621838,TRUE
2021,MX,535140568151.84,279591832914.932,243445199215.874,1110230.60947585,54578.6870219988,TRUE
2021,NL,178237726502.974,183989760690.5,113301447113.669,870616.67228874,9534.90600929345,TRUE
2021,NO,66825321827.1725,32390694237.3386,32211989523.8067,414554.29461253,2812.40820425783,TRUE
2021,PL,385429248301.111,97451746223.8569,157721653743.803,576093.79928761,18141.0927905248,TRUE
2021,PT,52899677820.3375,29434221636.1038,18894548037.3652,216060.571178654,4832.93799611792,TRUE
2021,RO,101975111402.23,42264060077.5715,31864099523.823,241659.180014322,8000.2940282898,TRUE
2021,RU,2090245516831.52,167134940349.965,824272333407.109,1553133.3631312,70868.3009961287,TRUE
2021,SE,49899960819.1012,60682181030.1433,21579412899.3863,540893.680378239,5041.37031251726,TRUE
2021,SI,15355669533.4729,8496074543.04726,8103510847.6494,52280.5448476978,997.115005464739,TRUE
2021,SK,38387804280.8939,34800720229.3372,17608537777.9059,100259.138024511,2564.86199412364,TRUE
2021,TR,541922783703.303,151275772020.93,177179799060.557,693214.902898978,30371.7409545579,TRUE
2021,TW,328498816100.351,84541397826.6021,112583397050.897,560918.872530655,11711.4989957861,TRUE
2021,US,5770036536888.61,1886570532997.56,974199149051.774,19949268.6214227,162080.567983661,TRUE
2021,WA,3396404597153.32,1853217781851.17,1363971633547.05,3642499.20752757,424602.702679595,TRUE
2021,WE,434634059635.056,148179013091.947,178469802946.357,396050.459033615,33637.6894110597,TRUE
2021,WF,2251437951341.4,452435127478.383,366058554179.457,1610996.38186474,456314.953646948,TRUE
2021,WL,1245424549190.47,502977827143.797,409150111306.865,2086887.05713148,135204.627028175,TRUE
2021,WM,2947248636840.59,806373288258.872,1279893939188.32,2841785.54648312,110168.712988076,TRUE
2021,ZA,450390719579.653,40664279221.6531,146918942399.334,355219.249488872,16608.4850008106,TRUE
2022,AT,69251834286.7864,66485123958.1185,26171041908.145,446630.741630431,4491.09199511649,TRUE
2022,AU,556798486481.312,174745871605.653,294570434739.791,1687157.69783887,13757.1419970661,TRUE
2022,BE,101364317586.418,136522841988.692,52038036813.4814,553317.209083907,5007.95501545042,TRUE
2022,BG,51464033796.8502,16113882630.9112,29622598966.5348,85672.385004129,3164.60098574686,TRUE
2022,BR,1089245085786.85,248888239685.71,357742506332.097,1823452.49488157,96769.6779306512,TRUE
2022,CA,688430691544.178,231678556886.709,398989913973.97,2030331.64138691,20262.150000028,TRUE
2022,CH,74268912109.4346,110186314282.966,38970933443.2097,777233.18964689,4771.04699432385,TRUE
2022,CN,13634882795722.5,1870236729407.48,3359908348199.5,17059041.3297168,738500.544037497,TRUE
2022,CY,13011470196.7847,4091677997.92594,5577757099.11549,27740.5451284208,704.522000135535,TRUE
2022,CZ,111894312824.83,63943914113.0875,72019693733.9372,275904.605952572,5251.06197567764,TRUE
2022,DE,771809589913.915,550206410941.192,304555051238.052,3871722.33514937,42729.2637179964,TRUE
2022,DK,81787939626.5379,47199392261.1889,59276900706.732,380025.823368196,3007.88700360889,TRUE
2022,EE,12111507786.3154,6095443492.18664,7023635849.9446,36133.954893683,695.361005993446,TRUE
2022,ES,295030955541,173892632583.609,100528977828.294,1344610.10532617,20780.3749975993,TRUE
2022,FI,49241154585.7284,34687376802.7002,19369524589.5711,268292.448359924,2661.19400199976,TRUE
2022,FR,407462827801.432,323378216711.459,127350885280.838,2635628.6330519,29244.0160013325,TRUE
2022,GB,429438543505.518,382843772385.142,143950428946.563,2933592.32896453,33469.1690009452,TRUE
2022,GR,134919768539.978,42173245404.2007,94839647377.5132,206349.239283543,4071.3709990007,TRUE
2022,HR,22669287578.3851,11814407988.6158,10049566340.1005,67950.6374928875,1641.013214703,TRUE
2022,HU,61596172329.8783,45460090405.2247,33945725460.7804,168411.615837946,4779.67499565769,TRUE
2022,ID,1058382665831.87,190465439408.337,375991153039.702,1252706.76146297,134803.580746567,TRUE
2022,IE,68365975999.7222,95293307807.8722,49909396058.0946,505618.007951768,2536.35199853866,TRUE
2022,IN,3637023308044.07,627203004154.945,691266788574.474,3291112.48453341,541471.862993027,TRUE
2022,IT,382511921641.084,355271625936.931,95286619478.5807,1943924.6716641,23545.1199997209,TRUE
2022,JP,1113935704767.71,542525404017.109,319003183966.675,4019158.51479583,67068.5420046799,TRUE
2022,KR,657397234889.151,397753521420.245,258236337463.895,1589664.30343275,28427.349021541,TRUE
2022,LT,24534823605.2708,13655643796.1195,15417464193.0918,67310.6119449841,1412.12999775591,TRUE
2022,LU,6262382031.22156,18768749775.6515,4506175807.45905,77427.2525511485,319.555006852196,TRUE
2022,LV,12724703538.2551,6742559973.91258,5491787056.41989,38819.0151111665,898.010011982749,TRUE
2022,MT,2915695472.21244,2993435163.79398,2196528839.57692,17189.9097456579,283.455993838523,TRUE
2022,MX,540535529247.182,299786823998.837,243668271622.846,1389671.30884737,56637.9118880017,TRUE
2022,NL,167439066002.056,199087194163.522,102295017808.975,957291.064619961,9811.76393346633,TRUE
2022,NO,66895569266.035,32129853138.0584,35677897813.2075,550258.736438828,2889.18801273193,TRUE
2022,PL,371125054976.331,108332749833.679,158485850481.921,653490.036566394,18500.2199905818,TRUE
2022,PT,54127259614.399,32835708939.8845,22943975489.2314,242022.778834433,4950.34399463722,TRUE
2022,RO,97534642141.8251,44976074928.6082,28528427317.8266,285556.049611741,7992.1040048054,TRUE
2022,RU,2062525210701.35,146779674407.098,766805129748.787,2127656.63662266,71347.0509921939,TRUE
2022,SE,47979883417.8441,62613503405.5551,21342230574.4517,561432.662666588,5188.73214294217,TRUE
2022,SI,14902744578.9972,10016948052.6759,8126681858.47031,56962.8493023021,1017.99199048613,TRUE
2022,SK,35640292182.694,38763544035.5144,17175353208.7519,109501.293030298,2639.95201026083,TRUE
2022,TR,528091654374.783,196182960141.496,154587641712.945,861460.979687984,32178.5840347033,TRUE
2022,TW,321477567739.7,122553284937.476,112954903104.777,634054.296702457,11734.8020022409,TRUE
2022,US,5862933691466.66,2120714457418.1,947444692793.572,24448338.0811482,166982.713151063,TRUE
2022,WA,3462868132349.53,1835990789420.08,1449856887597.68,4252011.99581444,438831.634751452,TRUE
2022,WE,365786302258.04,131523108311.459,175364392376.561,414940.073510105,15304.4306229007,TRUE
2022,WF,2283926698927.47,486566491863.908,392497354162.019,1966195.33775609,474860.466860445,TRUE
2022,WL,1292712767458.32,505144060274.358,446752784107.787,2634450.03207077,140960.115065189,TRUE
2022,WM,3073246505175.12,875203564199.32,1475218039314.65,3747243.29197441,114499.127989036,TRUE
2022,ZA,438257166502.521,49916457734.8287,176901507791.551,384872.59072079,17464.0010066037,TRUE
2023,AT,13313602483.4181,14548873984.1509,5431326526.28916,443298.876297914,,FALSE
2023,AU,191647979299.128,45969318127.6575,159169592911.686,1721963.76114362,,FALSE
2023,BE,17702830739.8072,31372573464.216,12167363683.574,561401.173321293,,FALSE
2023,BG,8644725111.44849,3518119769.11311,5405717857.77638,87253.895427813,,FALSE
2023,BR,622015263675.136,60828008564.4445,249073394895.159,1876478.49259473,,FALSE
2023,CA,142756717159.852,57730622215.7867,112715772827.98,2051974.97660002,,FALSE
2023,CH,3822311963.27633,19959838249.259,2038479979.14167,783171.249202311,,FALSE
2023,CN,2728814558485.14,842383487421.938,584773059612.577,17952935.0950876,,FALSE
2023,CY,3415444385.32853,697880433.642381,1936174189.23021,28422.9624329222,,FALSE
2023,CZ,18628853230.4793,12313224396.9215,9860423264.63317,274787.191000474,,FALSE
2023,DE,91235089596.1399,125956875191.316,33873692765.7154,3859913.58202786,,FALSE
2023,DK,14523847994.9364,11360652675.0953,11138330729.078,386915.691060029,,FALSE
2023,EE,3221247481.38573,1029324430.90753,1576429709.95445,35047.7681113601,,FALSE
2023,ES,65773134939.9172,54660858099.6114,26399782879.8577,1378238.8038931,,FALSE
2023,FI,10015665112.4059,5216228539.00605,3651782098.03059,265724.889629025,,FALSE
2023,FR,99621881084.4381,79229408726.6028,38852139269.1874,2658532.24551544,,FALSE
2023,GB,76383173682.7145,84691186367.2265,30433728177.8263,2937843.39606951,,FALSE
2023,GR,15502287456.5585,10453790431.7291,10378448277.4123,210498.922483606,,FALSE
2023,HR,6608248469.0374,2531331193.34646,3370416456.04929,69874.3210092296,,FALSE
2023,HU,15770859744.7455,8005035009.7633,11596282904.001,166882.437111753,,FALSE
2023,ID,406492377458.793,55092177446.4049,216903888295.323,1315943.39709285,,FALSE
2023,IE,27140505205.6329,24421146010.665,22072138221.4794,489443.28790852,,FALSE
2023,IN,1046938241511.98,215758888867.414,166423191118.907,3548707.85869674,,FALSE
2023,IT,67153258549.8118,105181879260.096,18218700978.3618,1961828.21763192,,FALSE
2023,JP,72621499517.5629,167262028458.873,20441906736.0174,4096446.93302874,,FALSE
2023,KR,62536123154.0843,132889776039.659,19379576487.479,1611236.04811773,,FALSE
2023,LT,7423557620.51755,2081929667.46706,3781434033.42692,67079.7355641854,,FALSE
2023,LU,1062769146.85713,4063234831.54792,1005021841.88403,76579.4207226317,,FALSE
2023,LV,4817653717.32261,863235847.31871,2659700784.88637,38700.2236083942,,FALSE
2023,MT,195686826.226135,510993488.316657,53806454.0929976,18154.9475739193,,FALSE
2023,MX,151917163380.369,88029859200.3546,58549923315.9964,1434543.79512053,,FALSE
2023,NL,24870249289.2523,61466522189.3032,21660526605.8578,958181.344599355,,FALSE
2023,NO,11414136712.7291,6787248863.76634,6134484332.40495,553087.065979774,,FALSE
2023,PL,66878826163.7646,20334823460.5531,33478573292.5323,654535.620217127,,FALSE
2023,PT,16133848914.2668,8329287897.27505,6943401072.99739,247540.898476564,,FALSE
2023,RO,32698190318.1807,10834501724.4896,8196903938.33529,285556.049012159,,FALSE
2023,RU,411286717219.514,55141871684.9876,216004877515.544,2203933.12698138,,FALSE
2023,SE,12888279999.7199,13184858772.632,5498498693.42261,560332.252991594,,FALSE
2023,SI,3305329066.37779,1828673492.06842,1790635843.58985,57866.8492495729,,FALSE
2023,SK,7952817792.63095,6945269249.87504,4963240186.31928,110760.55790037,,FALSE
2023,TR,109805621776.548,61554535555.3571,38935891572.8015,900373.17166671,,FALSE
2023,TW,18060412641.6947,13378403457.2942,5324346019.11826,642905.694391248,,FALSE
2023,US,1116099800295.04,491328570347.244,314211725894.51,25067125.51522,,FALSE
2023,WA,1211639208756.33,458131767895.434,500380197375.98,4406062.09442416,,FALSE
2023,WE,111749627422.638,38799822455.5839,58397314156.6123,429716.52799694,,FALSE
2023,WF,1411406140198.45,156335322426.813,297172310458.96,2031772.85400254,,FALSE
2023,WL,570402871077.556,143618899980.341,266829469334.077,2660202.29042613,,FALSE
2023,WM,729577237952.321,303829976358.777,467490754657.374,3796255.44413486,,FALSE
2023,ZA,86562605666.2656,16071075153.8345,39768439142.0301,387189.523600588,,FALSE
2024,AT,13083975950.7951,14385838284.9493,5354237528.84096,445227.226409816,,FALSE
2024,AU,190184031350.912,47590961749.7617,146675223567.042,1747121.65169447,,FALSE
2024,BE,17387731948.6553,31527530954.0618,11775871602.6614,567902.198918484,,FALSE
2024,BG,8708091874.76321,3746259372.26067,5316517902.73813,89642.0348876847,,FALSE
2024,BR,641997339626.197,59833474218.9997,316664974782.648,1916897.83799526,,FALSE
2024,CA,139733640512.841,62325914038.9921,110225873851.815,2075654.7683796,,FALSE
2024,CH,9350701271.3982,20751404383.6219,5420613760.5434,793673.576087069,,FALSE
2024,CN,2721518959981.08,908526614667.16,600233354723.764,18786310.3423275,,FALSE
2024,CY,3488976809.04687,635597429.330633,1774790235.72358,29187.2558900676,,FALSE
2024,CZ,18654889521.3666,12028002161.5175,9554641806.45344,276589.790990652,,FALSE
2024,DE,87270762650.1503,128871586975.337,31834216178.0806,3865703.452399,,FALSE
2024,DK,14226237260.8308,11420916361.6685,9379890319.87643,395156.996637649,,FALSE
2024,EE,2852643201.41675,989315460.999553,1222674173.83666,34862.7142631044,,FALSE
2024,ES,64879442697.9682,55194577134.5827,26575095439.6074,1404383.99400644,,FALSE
2024,FI,9784605929.50068,5474007971.08235,3754133899.25005,266846.248663345,,FALSE
2024,FR,94922945729.3623,78295204446.8189,36565824457.8861,2678311.72543092,,FALSE
2024,GB,74776402719.0125,86377637703.7941,27863812080.3982,2951360.12838444,,FALSE
2024,GR,15146181874.7655,10860674659.9114,9271289714.97974,214788.890525785,,FALSE
2024,HR,6523680969.45686,2630689369.02383,3326561210.77192,71970.5542780977,,FALSE
2024,HU,15526009241.9473,8199908941.57155,11410621932.5958,170558.860459859,,FALSE
2024,ID,405171451971.65,63039568247.5957,214936680597.811,1381266.82714614,,FALSE
2024,IE,27216979749.8078,25065967088.4672,25276064488.1345,496618.526509951,,FALSE
2024,IN,1065287049083.3,227105033984.264,207103361288.565,3790303.88965358,,FALSE
2024,IT,65261676361.7109,101927768646.128,18104883782.066,1975737.57967991,,FALSE
2024,JP,73558402014.9027,168416404737.193,21979183877.5886,4131471.55431522,,FALSE
2024,KR,63904400346.4597,139310389093.497,20371210216.5871,1648648.94915659,,FALSE
2024,LT,7167358782.30942,2215750275.861,3727522660.42731,68561.5269231836,,FALSE
2024,LU,1033392786.22344,4124848960.93587,908123297.861512,77545.8494541066,,FALSE
2024,LV,4833344881.58219,909853529.105826,2455125604.50673,39342.2584174197,,FALSE
2024,MT,183008309.270219,542079359.187376,96270324.8101577,19070.138872719,,FALSE
2024,MX,153634385363.118,87283391657.6498,52989940928.9478,1468499.44787079,,FALSE
2024,NL,24414293552.3064,63107632154.6371,20508523791.599,964237.050729873,,FALSE
2024,NO,11399882891.1596,6853425256.49499,6377796467.18414,561521.643706208,,FALSE
2024,PL,66372693863.4575,22521750741.1416,34495637474.782,674616.773385774,,FALSE
2024,PT,16069371831.9807,8859484905.34289,6314726150.27372,251828.306926612,,FALSE
2024,RO,32232377986.5542,10560946092.498,7528379476.11024,285556.048728243,,FALSE
2024,RU,418585843231.339,53844952398.4556,227119451523.49,2273643.53185181,,FALSE
2024,SE,12833742908.5937,13922081960.6265,5159869685.14832,561536.967370568,,FALSE
2024,SI,3213480600.92141,2005126509.81341,1713993965.10941,59029.9725498709,,FALSE
2024,SK,7947893595.94317,8106684741.16462,3571741965.14895,113061.054687795,,FALSE
2024,TR,111425603465.631,69673779441.1483,42065758521.5694,928302.74744143,,FALSE
2024,TW,18202933128.9796,13665554867.7567,5142484482.03931,662655.757300643,,FALSE
2024,US,1118659458758.01,499300596062.906,351537675696.82,25750204.6849623,,FALSE
2024,WA,1229043368178.32,491219856727.472,516269664932.856,4572230.97575908,,FALSE
2024,WE,108663386638.951,43190733404.6938,50131834236.3295,441471.978484847,,FALSE
2024,WF,1417359180575.03,153861202916.951,285020988393.814,2111280.89503986,,FALSE
2024,WL,572699124160.982,138604836702.368,263179807159.75,2693432.9348134,,FALSE
2024,WM,707914009962.219,306145925850.783,480269639369.958,3883904.08812744,,FALSE
2024,ZA,86990272129.5105,16189024569.4025,42684207640.1856,390592.919605322,,FALSE
