iso2,iso3,year,applications,grants
AT,AUT,1990,57,35
AT,AUT,1991,43,37
AT,AUT,1992,57,46
AT,AUT,1993,61,45
AT,AUT,1994,59,39
AT,AUT,1995,59,48
AT,AUT,1996,66,50
AT,AUT,1997,68,41
AT,AUT,1998,75,46
AT,AUT,1999,68,39
AT,AUT,2000,63,36
AT,AUT,2001,91,63
AT,AUT,2002,91,52
AT,AUT,2003,94,59
AT,AUT,2004,91,54
AT,AUT,2005,71,43
AT,AUT,2006,95,49
AT,AUT,2007,137,78
AT,AUT,2008,142,87
AT,AUT,2009,176,93
AT,AUT,2010,171,102
AT,AUT,2011,198,132
AT,AUT,2012,237,153
AT,AUT,2013,230,156
AT,AUT,2014,224,152
AT,AUT,2015,224,161
AT,AUT,2016,227,135
AT,AUT,2017,197,120
AT,AUT,2018,209,93
AT,AUT,2019,268,91
AT,AUT,2020,321,56
AT,AUT,2021,205,13
AT,AUT,2022,17,0
BE,BEL,1990,22,19
BE,BEL,1991,20,14
BE,BEL,1992,22,16
BE,BEL,1993,23,18
BE,BEL,1994,39,27
BE,BEL,1995,30,18
BE,BEL,1996,40,25
BE,BEL,1997,55,32
BE,BEL,1998,63,25
BE,BEL,1999,71,35
BE,BEL,2000,84,37
BE,BEL,2001,90,43
BE,BEL,2002,90,49
BE,BEL,2003,90,32
BE,BEL,2004,94,44
BE,BEL,2005,111,52
BE,BEL,2006,141,69
BE,BEL,2007,138,64
BE,BEL,2008,201,100
BE,BEL,2009,153,81
BE,BEL,2010,200,113
BE,BEL,2011,203,113
BE,BEL,2012,237,132
BE,BEL,2013,204,120
BE,BEL,2014,201,134
BE,BEL,2015,191,122
BE,BEL,2016,223,125
BE,BEL,2017,198,93
BE,BEL,2018,225,107
BE,BEL,2019,209,59
BE,BEL,2020,211,45
BE,BEL,2021,162,8
BE,BEL,2022,16,0
BG,BGR,1990,1,0
BG,BGR,1997,1,1
BG,BGR,1998,2,0
BG,BGR,1999,1,1
BG,BGR,2000,1,1
BG,BGR,2001,1,0
BG,BGR,2002,1,1
BG,BGR,2003,3,1
BG,BGR,2004,3,0
BG,BGR,2006,3,1
BG,BGR,2008,1,1
BG,BGR,2009,3,1
BG,BGR,2010,2,1
BG,BGR,2011,2,1
BG,BGR,2012,5,2
BG,BGR,2013,4,1
BG,BGR,2014,6,4
BG,BGR,2015,3,3
BG,BGR,2016,5,5
BG,BGR,2017,4,2
BG,BGR,2018,1,0
BG,BGR,2019,4,1
BG,BGR,2020,7,0
BG,BGR,2021,4,1
CY,CYP,1992,1,1
CY,CYP,1994,2,2
CY,CYP,1996,1,1
CY,CYP,1998,1,0
CY,CYP,2000,3,2
CY,CYP,2001,2,0
CY,CYP,2002,4,0
CY,CYP,2003,1,1
CY,CYP,2004,3,1
CY,CYP,2005,3,1
CY,CYP,2006,6,0
CY,CYP,2007,4,1
CY,CYP,2008,5,0
CY,CYP,2009,13,9
CY,CYP,2010,5,2
CY,CYP,2011,3,2
CY,CYP,2012,5,0
CY,CYP,2013,1,0
CY,CYP,2014,5,2
CY,CYP,2015,3,1
CY,CYP,2016,3,2
CY,CYP,2017,1,0
CY,CYP,2018,1,1
CY,CYP,2019,1,1
CY,CYP,2020,5,0
CY,CYP,2021,3,0
CZ,CZE,1990,1,1
CZ,CZE,1992,3,1
CZ,CZE,1994,2,2
CZ,CZE,1995,2,1
CZ,CZE,1996,4,3
CZ,CZE,1997,5,4
CZ,CZE,1998,4,1
CZ,CZE,1999,4,2
CZ,CZE,2000,7,5
CZ,CZE,2001,2,2
CZ,CZE,2002,4,2
CZ,CZE,2003,2,1
CZ,CZE,2004,9,6
CZ,CZE,2005,11,7
CZ,CZE,2006,6,4
CZ,CZE,2007,13,6
CZ,CZE,2008,17,12
CZ,CZE,2009,15,8
CZ,CZE,2010,12,7
CZ,CZE,2011,13,7
CZ,CZE,2012,20,6
CZ,CZE,2013,12,8
CZ,CZE,2014,12,7
CZ,CZE,2015,19,14
CZ,CZE,2016,15,7
CZ,CZE,2017,18,8
CZ,CZE,2018,16,8
CZ,CZE,2019,21,5
CZ,CZE,2020,24,6
CZ,CZE,2021,23,1
CZ,CZE,2022,5,0
DE,DEU,1990,567,400
DE,DEU,1991,512,361
DE,DEU,1992,688,490
DE,DEU,1993,656,483
DE,DEU,1994,745,547
DE,DEU,1995,700,494
DE,DEU,1996,703,541
DE,DEU,1997,836,584
DE,DEU,1998,953,638
DE,DEU,1999,1014,701
DE,DEU,2000,1264,827
DE,DEU,2001,1411,873
DE,DEU,2002,1409,909
DE,DEU,2003,1411,857
DE,DEU,2004,1452,925
DE,DEU,2005,1471,935
DE,DEU,2006,1751,1074
DE,DEU,2007,1999,1219
DE,DEU,2008,2348,1477
DE,DEU,2009,2498,1516
DE,DEU,2010,2981,1747
DE,DEU,2011,3305,2038
DE,DEU,2012,3229,2107
DE,DEU,2013,2837,1872
DE,DEU,2014,2633,1782
DE,DEU,2015,2508,1648
DE,DEU,2016,2427,1473
DE,DEU,2017,2653,1529
DE,DEU,2018,2812,1314
DE,DEU,2019,2846,933
DE,DEU,2020,2883,465
DE,DEU,2021,2144,88
DE,DEU,2022,296,4
DE,DEU,2023,3,0
DK,DNK,1990,15,14
DK,DNK,1991,25,22
DK,DNK,1992,24,21
DK,DNK,1993,18,10
DK,DNK,1994,30,21
DK,DNK,1995,42,29
DK,DNK,1996,30,19
DK,DNK,1997,42,27
DK,DNK,1998,25,16
DK,DNK,1999,63,40
DK,DNK,2000,70,36
DK,DNK,2001,77,44
DK,DNK,2002,72,42
DK,DNK,2003,121,71
DK,DNK,2004,103,66
DK,DNK,2005,116,72
DK,DNK,2006,137,85
DK,DNK,2007,148,91
DK,DNK,2008,224,138
DK,DNK,2009,264,169
DK,DNK,2010,290,211
DK,DNK,2011,320,237
DK,DNK,2012,355,240
DK,DNK,2013,270,182
DK,DNK,2014,289,202
DK,DNK,2015,310,216
DK,DNK,2016,322,223
DK,DNK,2017,427,267
DK,DNK,2018,479,215
DK,DNK,2019,563,195
DK,DNK,2020,554,64
DK,DNK,2021,528,4
DK,DNK,2022,29,1
ES,ESP,1990,7,4
ES,ESP,1991,11,4
ES,ESP,1992,13,3
ES,ESP,1993,14,7
ES,ESP,1994,13,8
ES,ESP,1995,18,9
ES,ESP,1996,14,9
ES,ESP,1997,26,15
ES,ESP,1998,28,13
ES,ESP,1999,35,18
ES,ESP,2000,39,18
ES,ESP,2001,40,23
ES,ESP,2002,51,25
ES,ESP,2003,43,25
ES,ESP,2004,49,23
ES,ESP,2005,74,28
ES,ESP,2006,130,42
ES,ESP,2007,131,49
ES,ESP,2008,155,52
ES,ESP,2009,168,69
ES,ESP,2010,229,95
ES,ESP,2011,193,92
ES,ESP,2012,175,100
ES,ESP,2013,208,124
ES,ESP,2014,168,109
ES,ESP,2015,176,108
ES,ESP,2016,168,97
ES,ESP,2017,168,82
ES,ESP,2018,197,81
ES,ESP,2019,218,64
ES,ESP,2020,205,30
ES,ESP,2021,277,5
ES,ESP,2022,44,0
ES,ESP,2023,2,0
EE,EST,1999,1,1
EE,EST,2002,1,1
EE,EST,2005,1,0
EE,EST,2007,2,2
EE,EST,2008,2,2
EE,EST,2009,5,4
EE,EST,2010,5,1
EE,EST,2011,10,6
EE,EST,2012,1,1
EE,EST,2013,5,2
EE,EST,2014,6,4
EE,EST,2015,2,0
EE,EST,2016,6,3
EE,EST,2017,8,4
EE,EST,2018,4,0
EE,EST,2019,6,1
EE,EST,2020,4,0
EE,EST,2021,2,0
EE,EST,2022,1,0
FI,FIN,1990,22,14
FI,FIN,1991,18,14
FI,FIN,1992,18,15
FI,FIN,1993,43,38
FI,FIN,1994,33,31
FI,FIN,1995,36,29
FI,FIN,1996,36,23
FI,FIN,1997,44,30
FI,FIN,1998,40,26
FI,FIN,1999,53,35
FI,FIN,2000,54,34
FI,FIN,2001,69,42
FI,FIN,2002,76,47
FI,FIN,2003,97,50
FI,FIN,2004,85,45
FI,FIN,2005,81,46
FI,FIN,2006,113,62
FI,FIN,2007,93,56
FI,FIN,2008,130,70
FI,FIN,2009,140,77
FI,FIN,2010,188,113
FI,FIN,2011,233,135
FI,FIN,2012,212,130
FI,FIN,2013,223,148
FI,FIN,2014,227,153
FI,FIN,2015,206,129
FI,FIN,2016,176,115
FI,FIN,2017,189,97
FI,FIN,2018,167,64
FI,FIN,2019,203,47
FI,FIN,2020,199,22
FI,FIN,2021,141,7
FI,FIN,2022,20,0
FI,FIN,2023,1,0
FR,FRA,1990,239,178
FR,FRA,1991,235,172
FR,FRA,1992,255,208
FR,FRA,1993,247,184
FR,FRA,1994,279,214
FR,FRA,1995,239,184
FR,FRA,1996,286,217
FR,FRA,1997,325,231
FR,FRA,1998,339,236
FR,FRA,1999,368,233
FR,FRA,2000,369,248
FR,FRA,2001,381,244
FR,FRA,2002,398,254
FR,FRA,2003,475,299
FR,FRA,2004,563,375
FR,FRA,2005,577,354
FR,FRA,2006,643,418
FR,FRA,2007,732,473
FR,FRA,2008,930,584
FR,FRA,2009,961,626
FR,FRA,2010,1097,715
FR,FRA,2011,1085,688
FR,FRA,2012,1250,881
FR,FRA,2013,1229,856
FR,FRA,2014,1234,884
FR,FRA,2015,1231,861
FR,FRA,2016,1122,756
FR,FRA,2017,1018,624
FR,FRA,2018,1136,619
FR,FRA,2019,1264,518
FR,FRA,2020,1458,304
FR,FRA,2021,1135,109
FR,FRA,2022,201,7
FR,FRA,2023,5,0
GR,GRC,1990,3,3
GR,GRC,1991,5,4
GR,GRC,1992,9,5
GR,GRC,1994,5,3
GR,GRC,1995,3,0
GR,GRC,1996,3,1
GR,GRC,1997,1,1
GR,GRC,1998,3,3
GR,GRC,1999,4,3
GR,GRC,2000,5,2
GR,GRC,2001,2,0
GR,GRC,2002,3,1
GR,GRC,2003,4,3
GR,GRC,2004,7,2
GR,GRC,2005,5,4
GR,GRC,2006,13,4
GR,GRC,2007,15,8
GR,GRC,2008,12,3
GR,GRC,2009,6,3
GR,GRC,2010,9,4
GR,GRC,2011,6,4
GR,GRC,2012,11,5
GR,GRC,2013,8,5
GR,GRC,2014,13,9
GR,GRC,2015,5,2
GR,GRC,2016,8,7
GR,GRC,2017,7,1
GR,GRC,2018,6,1
GR,GRC,2019,10,2
GR,GRC,2020,13,2
GR,GRC,2021,14,0
GR,GRC,2022,2,0
HR,HRV,1992,1,1
HR,HRV,1993,1,0
HR,HRV,1994,1,1
HR,HRV,1997,1,0
HR,HRV,1999,7,5
HR,HRV,2001,2,2
HR,HRV,2002,1,0
HR,HRV,2003,4,4
HR,HRV,2005,2,1
HR,HRV,2006,3,3
HR,HRV,2007,3,0
HR,HRV,2008,3,2
HR,HRV,2010,5,1
HR,HRV,2011,3,2
HR,HRV,2012,2,0
HR,HRV,2013,6,3
HR,HRV,2015,1,1
HR,HRV,2016,5,3
HR,HRV,2017,4,2
HR,HRV,2018,4,1
HR,HRV,2019,1,1
HR,HRV,2020,2,1
HR,HRV,2021,8,0
HR,HRV,2022,2,0
HU,HUN,1990,6,4
HU,HUN,1991,2,1
HU,HUN,1992,4,3
HU,HUN,1993,3,3
HU,HUN,1994,3,1
HU,HUN,1995,3,2
HU,HUN,1996,2,1
HU,HUN,1997,4,4
HU,HUN,1998,6,4
HU,HUN,1999,2,1
HU,HUN,2000,1,0
HU,HUN,2001,1,0
HU,HUN,2002,8,7
HU,HUN,2003,4,2
HU,HUN,2004,3,2
HU,HUN,2005,5,2
HU,HUN,2006,4,4
HU,HUN,2007,5,1
HU,HUN,2008,10,6
HU,HUN,2009,13,8
HU,HUN,2010,12,7
HU,HUN,2011,16,7
HU,HUN,2012,19,11
HU,HUN,2013,17,12
HU,HUN,2014,12,9
HU,HUN,2015,12,5
HU,HUN,2016,14,8
HU,HUN,2017,14,5
HU,HUN,2018,16,9
HU,HUN,2019,11,1
HU,HUN,2020,14,2
HU,HUN,2021,3,0
HU,HUN,2022,1,0
HU,HUN,2023,1,0
IE,IRL,1990,4,3
IE,IRL,1991,2,0
IE,IRL,1992,4,4
IE,IRL,1993,4,3
IE,IRL,1994,3,3
IE,IRL,1995,8,5
IE,IRL,1996,9,7
IE,IRL,1997,10,4
IE,IRL,1998,6,6
IE,IRL,1999,12,4
IE,IRL,2000,10,8
IE,IRL,2001,22,15
IE,IRL,2002,13,5
IE,IRL,2003,12,6
IE,IRL,2004,21,11
IE,IRL,2005,34,17
IE,IRL,2006,37,25
IE,IRL,2007,38,19
IE,IRL,2008,46,23
IE,IRL,2009,44,24
IE,IRL,2010,51,32
IE,IRL,2011,54,31
IE,IRL,2012,45,22
IE,IRL,2013,45,26
IE,IRL,2014,59,33
IE,IRL,2015,41,23
IE,IRL,2016,83,42
IE,IRL,2017,45,26
IE,IRL,2018,50,14
IE,IRL,2019,59,12
IE,IRL,2020,63,9
IE,IRL,2021,55,0
IE,IRL,2022,6,0
IT,ITA,1990,109,65
IT,ITA,1991,100,57
IT,ITA,1992,109,67
IT,ITA,1993,83,55
IT,ITA,1994,107,73
IT,ITA,1995,90,60
IT,ITA,1996,101,72
IT,ITA,1997,107,67
IT,ITA,1998,128,77
IT,ITA,1999,108,67
IT,ITA,2000,130,81
IT,ITA,2001,171,98
IT,ITA,2002,202,102
IT,ITA,2003,205,116
IT,ITA,2004,229,135
IT,ITA,2005,226,132
IT,ITA,2006,240,135
IT,ITA,2007,278,134
IT,ITA,2008,354,177
IT,ITA,2009,280,134
IT,ITA,2010,363,226
IT,ITA,2011,335,208
IT,ITA,2012,383,250
IT,ITA,2013,374,253
IT,ITA,2014,343,258
IT,ITA,2015,315,227
IT,ITA,2016,375,268
IT,ITA,2017,331,225
IT,ITA,2018,334,216
IT,ITA,2019,377,152
IT,ITA,2020,361,88
IT,ITA,2021,361,30
IT,ITA,2022,136,2
IT,ITA,2023,2,0
LT,LTU,1996,1,0
LT,LTU,2001,2,0
LT,LTU,2002,1,0
LT,LTU,2006,2,0
LT,LTU,2007,2,2
LT,LTU,2009,2,1
LT,LTU,2010,1,1
LT,LTU,2011,3,1
LT,LTU,2012,2,2
LT,LTU,2014,6,4
LT,LTU,2015,3,1
LT,LTU,2016,2,1
LT,LTU,2017,3,1
LT,LTU,2018,1,0
LT,LTU,2019,3,1
LT,LTU,2020,7,2
LT,LTU,2022,1,0
LU,LUX,1990,3,0
LU,LUX,1991,2,2
LU,LUX,1992,3,1
LU,LUX,1993,2,2
LU,LUX,1994,8,7
LU,LUX,1995,6,6
LU,LUX,1996,4,4
LU,LUX,1997,8,4
LU,LUX,1998,15,9
LU,LUX,1999,29,14
LU,LUX,2000,18,13
LU,LUX,2001,10,5
LU,LUX,2002,15,14
LU,LUX,2003,13,7
LU,LUX,2004,12,5
LU,LUX,2005,17,13
LU,LUX,2006,25,11
LU,LUX,2007,32,22
LU,LUX,2008,27,16
LU,LUX,2009,29,17
LU,LUX,2010,56,31
LU,LUX,2011,58,30
LU,LUX,2012,57,41
LU,LUX,2013,34,13
LU,LUX,2014,29,19
LU,LUX,2015,34,22
LU,LUX,2016,39,23
LU,LUX,2017,37,23
LU,LUX,2018,23,12
LU,LUX,2019,41,9
LU,LUX,2020,33,7
LU,LUX,2021,25,0
LU,LUX,2022,6,0
LV,LVA,1999,1,1
LV,LVA,2001,1,1
LV,LVA,2005,1,0
LV,LVA,2006,1,0
LV,LVA,2007,1,0
LV,LVA,2008,2,0
LV,LVA,2010,6,2
LV,LVA,2012,2,1
LV,LVA,2013,14,6
LV,LVA,2014,3,1
LV,LVA,2015,3,2
LV,LVA,2016,1,1
LV,LVA,2017,1,0
LV,LVA,2018,1,0
LV,LVA,2019,5,2
LV,LVA,2020,6,3
LV,LVA,2021,2,0
MT,MLT,1997,2,0
MT,MLT,2001,1,1
MT,MLT,2004,2,2
MT,MLT,2005,1,1
MT,MLT,2006,1,1
MT,MLT,2007,3,1
MT,MLT,2008,2,0
MT,MLT,2009,6,2
MT,MLT,2010,2,1
MT,MLT,2011,3,2
MT,MLT,2012,1,0
MT,MLT,2013,4,0
MT,MLT,2014,5,1
MT,MLT,2015,6,2
MT,MLT,2016,6,4
MT,MLT,2017,8,6
MT,MLT,2018,6,0
MT,MLT,2019,2,1
MT,MLT,2020,7,1
MT,MLT,2021,2,1
NL,NLD,1990,74,53
NL,NLD,1991,85,65
NL,NLD,1992,89,60
NL,NLD,1993,99,72
NL,NLD,1994,89,64
NL,NLD,1995,76,53
NL,NLD,1996,91,67
NL,NLD,1997,125,72
NL,NLD,1998,136,74
NL,NLD,1999,138,67
NL,NLD,2000,170,83
NL,NLD,2001,194,96
NL,NLD,2002,218,96
NL,NLD,2003,238,114
NL,NLD,2004,236,109
NL,NLD,2005,248,103
NL,NLD,2006,265,136
NL,NLD,2007,318,154
NL,NLD,2008,361,184
NL,NLD,2009,390,200
NL,NLD,2010,445,231
NL,NLD,2011,393,224
NL,NLD,2012,434,245
NL,NLD,2013,455,277
NL,NLD,2014,406,247
NL,NLD,2015,451,273
NL,NLD,2016,462,257
NL,NLD,2017,448,253
NL,NLD,2018,424,181
NL,NLD,2019,434,143
NL,NLD,2020,442,67
NL,NLD,2021,407,8
NL,NLD,2022,30,0
NL,NLD,2023,1,0
PL,POL,1992,2,2
PL,POL,1993,2,1
PL,POL,1994,1,1
PL,POL,1995,2,0
PL,POL,1997,1,0
PL,POL,1998,1,1
PL,POL,2000,1,1
PL,POL,2001,1,0
PL,POL,2002,7,2
PL,POL,2003,10,2
PL,POL,2004,7,2
PL,POL,2005,8,2
PL,POL,2006,10,3
PL,POL,2007,3,1
PL,POL,2008,24,7
PL,POL,2009,34,19
PL,POL,2010,22,12
PL,POL,2011,31,9
PL,POL,2012,52,22
PL,POL,2013,38,22
PL,POL,2014,48,19
PL,POL,2015,62,24
PL,POL,2016,37,23
PL,POL,2017,33,19
PL,POL,2018,47,23
PL,POL,2019,27,8
PL,POL,2020,43,14
PL,POL,2021,41,4
PL,POL,2022,20,0
PT,PRT,1990,1,0
PT,PRT,1992,1,1
PT,PRT,1993,1,1
PT,PRT,1994,1,1
PT,PRT,1995,1,1
PT,PRT,1996,2,1
PT,PRT,1997,3,0
PT,PRT,1998,2,2
PT,PRT,1999,3,3
PT,PRT,2000,3,2
PT,PRT,2001,3,1
PT,PRT,2002,2,0
PT,PRT,2003,6,6
PT,PRT,2004,4,1
PT,PRT,2005,4,2
PT,PRT,2006,11,2
PT,PRT,2007,11,6
PT,PRT,2008,9,2
PT,PRT,2009,14,3
PT,PRT,2010,9,2
PT,PRT,2011,19,11
PT,PRT,2012,8,4
PT,PRT,2013,12,7
PT,PRT,2014,12,4
PT,PRT,2015,22,16
PT,PRT,2016,22,10
PT,PRT,2017,24,13
PT,PRT,2018,17,7
PT,PRT,2019,25,2
PT,PRT,2020,30,3
PT,PRT,2021,18,0
PT,PRT,2022,3,0
RO,ROU,1995,1,1
RO,ROU,1996,1,1
RO,ROU,2004,3,0
RO,ROU,2005,1,1
RO,ROU,2006,2,0
RO,ROU,2007,1,0
RO,ROU,2008,2,0
RO,ROU,2009,2,0
RO,ROU,2010,5,3
RO,ROU,2011,4,3
RO,ROU,2012,10,4
RO,ROU,2013,5,3
RO,ROU,2014,2,1
RO,ROU,2015,5,2
RO,ROU,2016,2,1
RO,ROU,2017,4,0
RO,ROU,2018,1,1
RO,ROU,2019,6,1
RO,ROU,2020,7,1
RO,ROU,2021,2,0
RO,ROU,2022,2,0
SK,SVK,1994,2,2
SK,SVK,1997,2,2
SK,SVK,1998,1,0
SK,SVK,1999,2,2
SK,SVK,2000,2,1
SK,SVK,2001,2,0
SK,SVK,2003,2,1
SK,SVK,2004,3,2
SK,SVK,2005,4,2
SK,SVK,2006,3,2
SK,SVK,2007,1,0
SK,SVK,2008,2,0
SK,SVK,2009,1,0
SK,SVK,2010,2,1
SK,SVK,2011,3,1
SK,SVK,2012,6,3
SK,SVK,2013,5,2
SK,SVK,2014,5,4
SK,SVK,2015,3,3
SK,SVK,2016,9,5
SK,SVK,2017,9,4
SK,SVK,2018,6,2
SK,SVK,2019,3,1
SK,SVK,2020,8,1
SK,SVK,2021,5,0
SK,SVK,2022,2,0
SI,SVN,1991,1,1
SI,SVN,1997,1,0
SI,SVN,1999,1,1
SI,SVN,2000,1,1
SI,SVN,2001,2,0
SI,SVN,2002,1,1
SI,SVN,2003,1,1
SI,SVN,2004,2,2
SI,SVN,2005,4,0
SI,SVN,2006,8,4
SI,SVN,2007,1,0
SI,SVN,2008,2,0
SI,SVN,2009,3,1
SI,SVN,2010,8,5
SI,SVN,2011,5,3
SI,SVN,2012,7,5
SI,SVN,2013,6,4
SI,SVN,2014,8,4
SI,SVN,2015,7,5
SI,SVN,2016,10,5
SI,SVN,2017,7,3
SI,SVN,2018,12,9
SI,SVN,2019,15,4
SI,SVN,2020,12,1
SI,SVN,2021,2,0
SI,SVN,2022,3,0
SE,SWE,1990,49,32
SE,SWE,1991,46,30
SE,SWE,1992,66,54
SE,SWE,1993,47,40
SE,SWE,1994,79,57
SE,SWE,1995,73,59
SE,SWE,1996,77,53
SE,SWE,1997,124,80
SE,SWE,1998,115,73
SE,SWE,1999,117,85
SE,SWE,2000,116,75
SE,SWE,2001,103,71
SE,SWE,2002,103,64
SE,SWE,2003,125,87
SE,SWE,2004,129,81
SE,SWE,2005,143,92
SE,SWE,2006,134,65
SE,SWE,2007,177,95
SE,SWE,2008,212,137
SE,SWE,2009,230,152
SE,SWE,2010,261,167
SE,SWE,2011,372,243
SE,SWE,2012,339,235
SE,SWE,2013,444,286
SE,SWE,2014,380,278
SE,SWE,2015,369,256
SE,SWE,2016,350,234
SE,SWE,2017,418,233
SE,SWE,2018,387,163
SE,SWE,2019,416,109
SE,SWE,2020,411,43
SE,SWE,2021,319,7
SE,SWE,2022,35,1
