hs6,is_green,is_renewable,media,n_src_hs2007,src_hs2007
380210,1,0,WAT,1,380210
390940,1,0,HEM,1,390940
392010,1,0,SWM,1,392010
392030,1,0,HEM,1,392030
392111,1,0,HEM,1,392111
392113,1,0,HEM,1,392113
392510,1,1,REP,1,392510
400259,1,0,SWM,1,400259
441830,1,0,EPP,1,441872
450410,1,0,NVA,1,450410
450490,1,0,HEM,1,450490
530310,1,0,EPP,1,530310
530599,1,0,EPP,1,530500
540500,1,0,HEM,1,540500
560300,1,0,WAT,1,560314
560721,1,0,EPP,1,560721
560790,1,0,EPP,1,560790
560811,1,0,NRP,1,560811
560890,1,0,NRP,1,560890
630510,1,0,EPP,1,630510
680610,1,0,HEM,1,680610
680690,1,0,HEM,1,680690
680800,1,0,HEM,1,680800
681011,1,0,HEM,1,681011
681019,1,0,HEM,1,681019
681091,1,0,HEM,1,681091
691010,1,0,WAT,1,691010
700800,1,0,HEM,1,700800
700991,1,1,REP,1,700991
700992,1,1,REP,1,700992
701931,1,0,HEM,1,701931
701939,1,0,HEM,1,701939
730210,1,0,CRE,1,730210
730230,1,0,CRE,1,730230
730240,1,0,CRE,1,730240
730290,1,0,CRE,1,730290
730300,1,0,WAT,1,730300
730431,1,0,WAT,1,730431
730490,1,0,WAT,1,730490
730630,1,0,WAT,1,730630
730690,1,0,WAT,1,730690
730820,1,1,REP,1,730820
730890,1,1,REP,1,730890
730900,1,0,WAT,1,730900
731010,1,0,WAT,1,731010
731029,1,0,WAT,1,731029
732111,1,0,CRE,1,732111
732113,1,1,REP,1,732119
732183,1,1,REP,1,732189
732190,1,0,CRE,1,732190
732490,1,0,WAT,1,732490
732510,1,0,WAT,1,732510
732690,1,0,WAT,1,732690
761090,1,1,REP,1,761090
761100,1,1,REP,1,761100
761290,1,0,SWM,1,761290
830630,1,1,REP,1,830630
840219,1,0,SWM,1,840219
840290,1,0,SWM,1,840290
840410,1,0,APC,1,840410
840420,1,0,APC,1,840420
840490,1,0,APC,1,840490
840510,1,0,APC,1,840510
840619,1,1,REP,2,840681;840682
840690,1,1,REP,1,840690
840991,1,0,NVA,1,840991
840999,1,0,NVA,1,840999
841011,1,1,REP,1,841011
841012,1,1,REP,1,841012
841013,1,1,REP,1,841013
841090,1,1,REP,1,841090
841181,1,1,REP,1,841181
841182,1,1,REP,1,841182
841199,1,1,REP,1,841199
841280,1,1,REP,1,841280
841290,1,1,REP,1,841290
841320,1,0,WAT,1,841320
841350,1,0,WAT,1,841350
841360,1,0,WAT,1,841360
841370,1,0,WAT,1,841370
841381,1,0,WAT,1,841381
841410,1,0,APC,1,841410
841430,1,0,APC,1,841430
841440,1,0,APC,1,841440
841459,1,0,APC,1,841459
841480,1,0,APC,1,841480
841490,1,0,APC,1,841490
841581,1,1,REP,1,841581
841780,1,0,SWM,1,841780
841790,1,0,SWM,1,841790
841861,1,1,REP,1,841861
841869,1,1,REP,1,841869
841919,1,1,REP,1,841919
841939,1,0,WAT,1,841939
841940,1,0,SWM,1,841940
841950,1,0,HEM,1,841950
841960,1,0,APC,1,841960
841989,1,0,WAT,1,841989
841990,1,1,REP,1,841990
842119,1,0,SWR,1,842119
842121,1,0,WAT,1,842121
842129,1,0,WAT,1,842129
842139,1,0,APC,1,842139
842191,1,0,SWR,1,842191
842199,1,0,WAT,1,842199
842220,1,0,SWM,1,842220
842290,1,0,SWM,1,842290
842833,1,0,SWM,1,842833
842940,1,0,SWM,1,842940
846291,1,0,SWM,1,846291
846596,1,0,SWM,1,846596
846599,1,0,SWM,1,846599
846694,1,0,SWM,1,846694
847420,1,0,SWM,1,847420
847982,1,0,SWM,1,847982
847989,1,0,SWM,1,847989
847990,1,0,SWM,1,847990
848110,1,0,WAT,1,848110
848130,1,0,WAT,1,848130
848140,1,0,WAT,1,848140
848180,1,0,WAT,1,848180
848190,1,0,WAT,1,848190
848340,1,1,REP,1,848340
848360,1,1,REP,1,848360
850161,1,1,REP,1,850161
850162,1,1,REP,1,850162
850163,1,1,REP,1,850163
850164,1,1,REP,1,850164
850220,1,0,HEM,1,850220
850230,1,1,REP,2,850231;850239
850300,1,1,REP,1,850300
850421,1,1,REP,1,850421
850422,1,1,REP,1,850422
850423,1,1,REP,1,850423
850431,1,1,REP,1,850431
850432,1,1,REP,1,850432
850433,1,1,REP,1,850433
850434,1,1,REP,1,850434
850440,1,1,REP,1,850440
850490,1,1,REP,1,850490
850590,1,0,SWM,1,850590
850619,1,0,CRE,1,850680
850720,1,1,REP,1,850720
850980,1,0,CRE,1,850980
851410,1,0,SWM,1,851410
851420,1,0,SWM,1,851420
851430,1,0,SWM,1,851430
851490,1,0,SWM,1,851490
851629,1,0,SWR,1,851629
853010,1,0,CRE,1,853010
853080,1,0,CRE,1,853080
853090,1,0,CRE,1,853090
853710,1,1,REP,1,853710
853720,1,1,REP,1,853720
853921,1,0,HEM,1,853921
853931,1,0,HEM,1,853931
853939,1,0,HEM,1,853932
854140,1,1,REP,1,854140
854380,1,0,WAT,1,854370
854390,1,0,WAT,1,854390
860110,1,0,CRE,1,860110
860120,1,0,CRE,1,860120
860210,1,0,CRE,1,860210
860290,1,0,CRE,1,860290
860310,1,0,CRE,1,860310
860390,1,0,CRE,1,860390
860400,1,0,CRE,1,860400
860500,1,0,CRE,1,860500
860610,1,0,CRE,1,860610
860630,1,0,CRE,1,860630
860691,1,0,CRE,1,860691
860692,1,0,CRE,1,860692
860699,1,0,CRE,1,860699
860711,1,0,CRE,1,860711
860712,1,0,CRE,1,860712
860719,1,0,CRE,1,860719
860721,1,0,CRE,1,860721
860729,1,0,CRE,1,860729
860730,1,0,CRE,1,860730
860791,1,0,CRE,1,860791
860799,1,0,CRE,1,860799
860800,1,0,CRE,1,860800
870290,1,0,CRE,1,870290
870390,1,0,CRE,1,870390
871200,1,0,CRE,1,871200
871411,1,0,CRE,1,871411
871419,1,0,CRE,1,871419
871420,1,0,CRE,1,871420
871491,1,0,CRE,1,871491
871492,1,0,CRE,1,871492
871493,1,0,CRE,1,871493
871494,1,0,CRE,1,871494
871495,1,0,CRE,1,871495
871496,1,0,CRE,1,871496
871499,1,0,CRE,1,871499
871639,1,0,CRE,1,871639
890790,1,0,SWR,1,890790
900190,1,1,REP,1,900190
900290,1,1,REP,1,900290
900580,1,0,MON,1,900580
901380,1,1,REP,1,901380
901390,1,1,REP,1,901390
901530,1,0,MON,1,901530
901540,1,0,MON,1,901540
901580,1,0,MON,1,901580
901590,1,0,MON,1,901590
902511,1,0,MON,1,902511
902519,1,0,MON,1,902519
902610,1,0,MON,1,902610
902620,1,0,MON,1,902620
902680,1,0,MON,1,902680
902690,1,0,MON,1,902690
902710,1,0,MON,1,902710
902720,1,0,MON,1,902720
902730,1,0,MON,1,902730
902750,1,0,MON,1,902750
902780,1,0,MON,1,902780
902790,1,0,MON,1,902790
902810,1,0,MON,1,902810
902820,1,0,MON,1,902820
902830,1,0,HEM,1,902830
902890,1,0,HEM,1,902890
903010,1,0,MON,1,903010
903020,1,0,MON,1,903020
903031,1,0,MON,1,903031
903039,1,0,MON,1,903033
903081,1,0,MON,3,903032;903039;903084
903089,1,0,MON,1,903089
903090,1,0,MON,1,903090
903110,1,0,NVA,1,903110
903120,1,0,MON,1,903120
903140,1,0,MON,1,903149
903180,1,0,MON,1,903180
903190,1,0,MON,1,903190
903210,1,0,MON,1,903210
903220,1,0,MON,1,903220
903281,1,0,MON,1,903281
903289,1,1,REP,1,903289
903290,1,0,MON,1,903290
903300,1,0,MON,1,903300
940510,1,0,HEM,1,940510
940520,1,0,HEM,1,940520
940540,1,0,HEM,1,940540
950720,1,0,NRP,1,950720
