hs2007,medium,friends,pegs,apec,core_cleg,core_cleg_plus
380210,WAT,FALSE,TRUE,FALSE,FALSE,TRUE
390940,HEM,FALSE,TRUE,FALSE,FALSE,FALSE
392010,SWM,TRUE,TRUE,FALSE,FALSE,FALSE
392030,HEM,FALSE,TRUE,FALSE,FALSE,FALSE
392111,HEM,FALSE,TRUE,FALSE,FALSE,FALSE
392113,HEM,FALSE,TRUE,FALSE,FALSE,FALSE
392510,REP,FALSE,TRUE,FALSE,FALSE,FALSE
400259,SWM,FALSE,TRUE,FALSE,FALSE,FALSE
441872,EPP,FALSE,FALSE,TRUE,FALSE,FALSE
450410,NVA,TRUE,TRUE,FALSE,FALSE,FALSE
450490,HEM,FALSE,TRUE,FALSE,FALSE,FALSE
530310,EPP,TRUE,FALSE,FALSE,FALSE,FALSE
530500,EPP,TRUE,FALSE,FALSE,FALSE,FALSE
540500,HEM,FALSE,TRUE,FALSE,FALSE,FALSE
560314,WAT,TRUE,TRUE,FALSE,FALSE,FALSE
560721,EPP,TRUE,FALSE,FALSE,FALSE,FALSE
560790,EPP,TRUE,FALSE,FALSE,FALSE,FALSE
560811,NRP,TRUE,FALSE,FALSE,FALSE,FALSE
560890,NRP,TRUE,FALSE,FALSE,FALSE,FALSE
630510,EPP,TRUE,FALSE,FALSE,FALSE,FALSE
680610,HEM,FALSE,TRUE,FALSE,FALSE,FALSE
680690,HEM,FALSE,TRUE,FALSE,FALSE,FALSE
680800,HEM,FALSE,TRUE,FALSE,FALSE,FALSE
681011,HEM,FALSE,TRUE,FALSE,FALSE,FALSE
681019,HEM,FALSE,TRUE,FALSE,FALSE,FALSE
681091,HEM,FALSE,TRUE,FALSE,FALSE,FALSE
691010,WAT,TRUE,FALSE,FALSE,FALSE,FALSE
700800,HEM,FALSE,TRUE,FALSE,FALSE,FALSE
700991,REP,FALSE,TRUE,FALSE,FALSE,FALSE
700992,REP,FALSE,TRUE,FALSE,FALSE,FALSE
701931,HEM,TRUE,TRUE,FALSE,FALSE,FALSE
701939,HEM,FALSE,TRUE,FALSE,FALSE,FALSE
730210,CRE,FALSE,TRUE,FALSE,FALSE,FALSE
730230,CRE,FALSE,TRUE,FALSE,FALSE,FALSE
730240,CRE,FALSE,TRUE,FALSE,FALSE,FALSE
730290,CRE,FALSE,TRUE,FALSE,FALSE,FALSE
730300,WAT,TRUE,FALSE,FALSE,FALSE,TRUE
730431,WAT,TRUE,FALSE,FALSE,FALSE,TRUE
730490,WAT,TRUE,FALSE,FALSE,FALSE,TRUE
730630,WAT,TRUE,FALSE,FALSE,FALSE,TRUE
730690,WAT,TRUE,FALSE,FALSE,FALSE,TRUE
730820,REP,TRUE,TRUE,FALSE,FALSE,FALSE
730890,REP,FALSE,TRUE,FALSE,FALSE,FALSE
730900,WAT,TRUE,FALSE,FALSE,FALSE,TRUE
731010,WAT,TRUE,FALSE,FALSE,FALSE,TRUE
731029,WAT,TRUE,FALSE,FALSE,FALSE,TRUE
732111,CRE,TRUE,TRUE,FALSE,FALSE,FALSE
732119,REP,FALSE,TRUE,FALSE,FALSE,FALSE
732189,REP,FALSE,TRUE,FALSE,FALSE,FALSE
732190,CRE,TRUE,TRUE,FALSE,FALSE,FALSE
732490,WAT,TRUE,FALSE,FALSE,FALSE,TRUE
732510,WAT,TRUE,FALSE,FALSE,FALSE,FALSE
732690,WAT,TRUE,FALSE,FALSE,FALSE,FALSE
761090,REP,FALSE,TRUE,FALSE,FALSE,FALSE
761100,REP,TRUE,TRUE,FALSE,FALSE,FALSE
761290,SWM,TRUE,FALSE,FALSE,FALSE,TRUE
830630,REP,FALSE,TRUE,FALSE,FALSE,FALSE
840219,SWM,TRUE,FALSE,FALSE,FALSE,FALSE
840290,SWM,TRUE,FALSE,TRUE,FALSE,FALSE
840410,APC,TRUE,FALSE,TRUE,FALSE,TRUE
840420,APC,TRUE,FALSE,TRUE,FALSE,TRUE
840490,APC,TRUE,FALSE,TRUE,FALSE,FALSE
840510,APC,TRUE,TRUE,FALSE,FALSE,TRUE
840681,REP,TRUE,TRUE,FALSE,FALSE,FALSE
840682,REP,TRUE,TRUE,FALSE,FALSE,FALSE
840690,REP,TRUE,TRUE,TRUE,FALSE,FALSE
840991,NVA,TRUE,TRUE,FALSE,FALSE,FALSE
840999,NVA,TRUE,TRUE,FALSE,FALSE,FALSE
841011,REP,TRUE,TRUE,FALSE,FALSE,FALSE
841012,REP,FALSE,TRUE,FALSE,FALSE,FALSE
841013,REP,FALSE,TRUE,FALSE,FALSE,FALSE
841090,REP,TRUE,TRUE,FALSE,FALSE,FALSE
841181,REP,TRUE,TRUE,FALSE,FALSE,FALSE
841182,REP,TRUE,TRUE,TRUE,FALSE,FALSE
841199,REP,FALSE,FALSE,TRUE,FALSE,FALSE
841280,REP,FALSE,TRUE,FALSE,FALSE,FALSE
841290,REP,FALSE,TRUE,TRUE,FALSE,FALSE
841320,WAT,TRUE,FALSE,FALSE,FALSE,FALSE
841350,WAT,TRUE,FALSE,FALSE,FALSE,FALSE
841360,WAT,TRUE,FALSE,FALSE,FALSE,FALSE
841370,WAT,TRUE,FALSE,FALSE,FALSE,FALSE
841381,WAT,TRUE,TRUE,FALSE,FALSE,FALSE
841410,APC,TRUE,FALSE,FALSE,FALSE,TRUE
841430,APC,TRUE,FALSE,FALSE,FALSE,FALSE
841440,APC,TRUE,FALSE,FALSE,FALSE,FALSE
841459,APC,TRUE,FALSE,FALSE,FALSE,FALSE
841480,APC,TRUE,FALSE,FALSE,FALSE,FALSE
841490,APC,TRUE,FALSE,FALSE,FALSE,FALSE
841581,REP,TRUE,TRUE,FALSE,FALSE,FALSE
841780,SWM,TRUE,FALSE,TRUE,TRUE,TRUE
841790,SWM,TRUE,FALSE,TRUE,TRUE,TRUE
841861,REP,TRUE,TRUE,FALSE,FALSE,FALSE
841869,REP,TRUE,TRUE,FALSE,FALSE,FALSE
841919,REP,TRUE,TRUE,TRUE,FALSE,FALSE
841939,WAT,TRUE,FALSE,TRUE,FALSE,FALSE
841940,SWM,TRUE,FALSE,FALSE,FALSE,FALSE
841950,HEM,TRUE,TRUE,FALSE,FALSE,FALSE
841960,APC,TRUE,FALSE,TRUE,FALSE,FALSE
841989,WAT,TRUE,TRUE,TRUE,FALSE,TRUE
841990,REP,TRUE,TRUE,TRUE,FALSE,FALSE
842119,SWR,TRUE,FALSE,FALSE,FALSE,FALSE
842121,WAT,TRUE,FALSE,TRUE,TRUE,TRUE
842129,WAT,TRUE,FALSE,TRUE,TRUE,TRUE
842139,APC,TRUE,TRUE,TRUE,TRUE,TRUE
842191,SWR,TRUE,FALSE,FALSE,FALSE,FALSE
842199,WAT,TRUE,FALSE,TRUE,TRUE,TRUE
842220,SWM,TRUE,FALSE,FALSE,FALSE,FALSE
842290,SWM,TRUE,FALSE,FALSE,FALSE,FALSE
842833,SWM,TRUE,FALSE,FALSE,FALSE,TRUE
842940,SWM,TRUE,FALSE,FALSE,FALSE,FALSE
846291,SWM,TRUE,FALSE,FALSE,FALSE,TRUE
846596,SWM,TRUE,FALSE,FALSE,FALSE,FALSE
846599,SWM,TRUE,FALSE,FALSE,FALSE,FALSE
846694,SWM,TRUE,FALSE,FALSE,FALSE,FALSE
847420,SWM,TRUE,FALSE,TRUE,FALSE,FALSE
847982,SWM,TRUE,FALSE,TRUE,FALSE,TRUE
847989,SWM,TRUE,TRUE,TRUE,FALSE,FALSE
847990,SWM,TRUE,FALSE,TRUE,FALSE,FALSE
848110,WAT,TRUE,FALSE,FALSE,FALSE,TRUE
848130,WAT,TRUE,FALSE,FALSE,FALSE,TRUE
848140,WAT,TRUE,FALSE,FALSE,FALSE,TRUE
848180,WAT,TRUE,FALSE,FALSE,FALSE,FALSE
848190,WAT,TRUE,FALSE,FALSE,FALSE,FALSE
848340,REP,TRUE,TRUE,FALSE,FALSE,FALSE
848360,REP,TRUE,TRUE,FALSE,FALSE,FALSE
850161,REP,TRUE,TRUE,FALSE,FALSE,FALSE
850162,REP,TRUE,TRUE,FALSE,FALSE,FALSE
850163,REP,TRUE,TRUE,FALSE,FALSE,FALSE
850164,REP,TRUE,TRUE,TRUE,FALSE,FALSE
850220,HEM,FALSE,TRUE,FALSE,FALSE,FALSE
850231,REP,TRUE,TRUE,TRUE,FALSE,FALSE
850239,REP,TRUE,TRUE,TRUE,FALSE,FALSE
850300,REP,TRUE,TRUE,TRUE,FALSE,FALSE
850421,REP,FALSE,TRUE,FALSE,FALSE,FALSE
850422,REP,FALSE,TRUE,FALSE,FALSE,FALSE
850423,REP,FALSE,TRUE,FALSE,FALSE,FALSE
850431,REP,FALSE,TRUE,FALSE,FALSE,FALSE
850432,REP,FALSE,TRUE,FALSE,FALSE,FALSE
850433,REP,FALSE,TRUE,FALSE,FALSE,FALSE
850434,REP,FALSE,TRUE,FALSE,FALSE,FALSE
850440,REP,TRUE,TRUE,FALSE,FALSE,FALSE
850490,REP,FALSE,FALSE,TRUE,FALSE,FALSE
850590,SWM,TRUE,FALSE,FALSE,FALSE,TRUE
850680,CRE,TRUE,TRUE,FALSE,FALSE,FALSE
850720,REP,TRUE,TRUE,FALSE,FALSE,FALSE
850980,CRE,TRUE,FALSE,FALSE,FALSE,FALSE
851410,SWM,TRUE,FALSE,TRUE,FALSE,FALSE
851420,SWM,TRUE,FALSE,TRUE,FALSE,FALSE
851430,SWM,TRUE,FALSE,TRUE,FALSE,FALSE
851490,SWM,TRUE,FALSE,TRUE,FALSE,FALSE
851629,SWR,TRUE,FALSE,FALSE,FALSE,FALSE
853010,CRE,FALSE,TRUE,FALSE,FALSE,FALSE
853080,CRE,FALSE,TRUE,FALSE,FALSE,FALSE
853090,CRE,FALSE,TRUE,FALSE,FALSE,FALSE
853710,REP,TRUE,TRUE,FALSE,FALSE,FALSE
853720,REP,FALSE,TRUE,FALSE,FALSE,FALSE
853921,HEM,FALSE,TRUE,FALSE,FALSE,FALSE
853931,HEM,FALSE,TRUE,FALSE,FALSE,FALSE
853932,HEM,FALSE,TRUE,FALSE,FALSE,FALSE
854140,REP,TRUE,TRUE,TRUE,FALSE,FALSE
854370,WAT,TRUE,FALSE,FALSE,FALSE,FALSE
854390,WAT,TRUE,FALSE,TRUE,FALSE,FALSE
860110,CRE,FALSE,TRUE,FALSE,FALSE,FALSE
860120,CRE,FALSE,TRUE,FALSE,FALSE,FALSE
860210,CRE,FALSE,TRUE,FALSE,FALSE,FALSE
860290,CRE,FALSE,TRUE,FALSE,FALSE,FALSE
860310,CRE,FALSE,TRUE,FALSE,FALSE,FALSE
860390,CRE,FALSE,TRUE,FALSE,FALSE,FALSE
860400,CRE,FALSE,TRUE,FALSE,FALSE,FALSE
860500,CRE,FALSE,TRUE,FALSE,FALSE,FALSE
860610,CRE,FALSE,TRUE,FALSE,FALSE,FALSE
860630,CRE,FALSE,TRUE,FALSE,FALSE,FALSE
860691,CRE,FALSE,TRUE,FALSE,FALSE,FALSE
860692,CRE,FALSE,TRUE,FALSE,FALSE,FALSE
860699,CRE,FALSE,TRUE,FALSE,FALSE,FALSE
860711,CRE,FALSE,TRUE,FALSE,FALSE,FALSE
860712,CRE,FALSE,TRUE,FALSE,FALSE,FALSE
860719,CRE,FALSE,TRUE,FALSE,FALSE,FALSE
860721,CRE,FALSE,TRUE,FALSE,FALSE,FALSE
860729,CRE,FALSE,TRUE,FALSE,FALSE,FALSE
860730,CRE,FALSE,TRUE,FALSE,FALSE,FALSE
860791,CRE,FALSE,TRUE,FALSE,FALSE,FALSE
860799,CRE,FALSE,TRUE,FALSE,FALSE,FALSE
860800,CRE,FALSE,TRUE,FALSE,FALSE,FALSE
870290,CRE,FALSE,TRUE,FALSE,FALSE,FALSE
870390,CRE,FALSE,TRUE,FALSE,FALSE,FALSE
871200,CRE,FALSE,TRUE,FALSE,FALSE,FALSE
871411,CRE,FALSE,TRUE,FALSE,FALSE,FALSE
871419,CRE,FALSE,TRUE,FALSE,FALSE,FALSE
871420,CRE,FALSE,TRUE,FALSE,FALSE,FALSE
871491,CRE,FALSE,TRUE,FALSE,FALSE,FALSE
871492,CRE,FALSE,TRUE,FALSE,FALSE,FALSE
871493,CRE,FALSE,TRUE,FALSE,FALSE,FALSE
871494,CRE,FALSE,TRUE,FALSE,FALSE,FALSE
871495,CRE,FALSE,TRUE,FALSE,FALSE,FALSE
871496,CRE,FALSE,TRUE,FALSE,FALSE,FALSE
871499,CRE,FALSE,TRUE,FALSE,FALSE,FALSE
871639,CRE,FALSE,TRUE,FALSE,FALSE,FALSE
890790,SWR,TRUE,FALSE,FALSE,FALSE,FALSE
900190,REP,TRUE,TRUE,FALSE,FALSE,FALSE
900290,REP,TRUE,TRUE,FALSE,FALSE,FALSE
900580,MON,FALSE,TRUE,FALSE,FALSE,FALSE
901380,REP,FALSE,FALSE,TRUE,FALSE,FALSE
901390,REP,FALSE,FALSE,TRUE,FALSE,FALSE
901530,MON,TRUE,TRUE,FALSE,FALSE,FALSE
901540,MON,TRUE,FALSE,FALSE,FALSE,TRUE
901580,MON,TRUE,FALSE,TRUE,FALSE,TRUE
901590,MON,TRUE,TRUE,FALSE,FALSE,FALSE
902511,MON,FALSE,TRUE,FALSE,FALSE,FALSE
902519,MON,FALSE,TRUE,FALSE,FALSE,FALSE
902610,MON,TRUE,TRUE,TRUE,FALSE,TRUE
902620,MON,TRUE,TRUE,TRUE,FALSE,FALSE
902680,MON,TRUE,TRUE,TRUE,FALSE,TRUE
902690,MON,TRUE,TRUE,TRUE,FALSE,FALSE
902710,MON,TRUE,TRUE,TRUE,TRUE,TRUE
902720,MON,TRUE,TRUE,TRUE,TRUE,TRUE
902730,MON,TRUE,TRUE,TRUE,TRUE,TRUE
902750,MON,TRUE,TRUE,TRUE,TRUE,TRUE
902780,MON,TRUE,TRUE,TRUE,TRUE,TRUE
902790,MON,TRUE,TRUE,TRUE,FALSE,FALSE
902810,MON,TRUE,FALSE,FALSE,FALSE,TRUE
902820,MON,TRUE,FALSE,FALSE,FALSE,TRUE
902830,HEM,TRUE,TRUE,FALSE,FALSE,FALSE
902890,HEM,TRUE,FALSE,FALSE,FALSE,FALSE
903010,MON,TRUE,TRUE,FALSE,FALSE,FALSE
903020,MON,TRUE,TRUE,FALSE,FALSE,FALSE
903031,MON,TRUE,TRUE,FALSE,FALSE,FALSE
903032,MON,TRUE,TRUE,FALSE,FALSE,FALSE
903033,MON,TRUE,TRUE,FALSE,FALSE,FALSE
903039,MON,TRUE,TRUE,FALSE,FALSE,FALSE
903084,MON,TRUE,TRUE,FALSE,FALSE,FALSE
903089,MON,TRUE,TRUE,FALSE,FALSE,FALSE
903090,MON,TRUE,TRUE,FALSE,FALSE,FALSE
903110,NVA,TRUE,FALSE,FALSE,FALSE,FALSE
903120,MON,TRUE,TRUE,FALSE,FALSE,FALSE
903149,MON,TRUE,TRUE,TRUE,FALSE,FALSE
903180,MON,TRUE,TRUE,TRUE,FALSE,FALSE
903190,MON,TRUE,TRUE,TRUE,FALSE,FALSE
903210,MON,TRUE,TRUE,FALSE,FALSE,FALSE
903220,MON,TRUE,TRUE,FALSE,FALSE,FALSE
903281,MON,TRUE,TRUE,FALSE,FALSE,FALSE
903289,REP,TRUE,TRUE,TRUE,FALSE,FALSE
903290,MON,TRUE,TRUE,TRUE,FALSE,FALSE
903300,MON,TRUE,TRUE,TRUE,FALSE,FALSE
940510,HEM,FALSE,TRUE,FALSE,FALSE,FALSE
940520,HEM,FALSE,TRUE,FALSE,FALSE,FALSE
940540,HEM,FALSE,TRUE,FALSE,FALSE,FALSE
950720,NRP,TRUE,FALSE,FALSE,FALSE,FALSE
