country,CarbonIntensity_normed,EnergyIntensity_normed,CarbonPerEnergy_normed,CarbonIntensityCBA_normed,GWP_cba_normed,ShareFossilsProd_normed,GWP_trade_normed,GWP_normed,EnergyConsumption_normed,GreenPatentsGrants_normed,GreenPatentsApps_normed,ValueAdded_normed,EnergyProduction_normed,EnergyExports_normed,ShareRenewables_normed,GDP_normed,GreenPatents_normed,ShareFossils_normed,ECI,GCI,GCP
Austria,198372.352484667,0.808936192705743,244963.409620448,285440.817918076,12026.3317274614,0.114607403592253,3676.49578054203,8349.83594691935,0.0340750411034656,12.5602589509041,26.2551457934059,0.0421888560783774,0.0162873280651844,-0.0276985350936061,0.832430591128487,63501.5680076093,26.2551457934059,0.67896,1.60182303321713,2.74999643312806,2.06112935785792
Belgium,241330.912801647,0.827503321197207,291367.50670199,373953.068267629,14897.6542339255,0.000153461901818019,5309.69267460522,9587.96155932027,0.0329030947797126,8.69098355750945,14.8743950011514,0.0398719466512697,0.0144764791048051,-0.0490470561866268,0.260950566600449,60474.4906650731,14.8743950011514,0.76452,1.38425801961296,0.525588633249178,1.6693699823926
Bulgaria,949843.147314289,2.09298456575933,450358.929722259,736246.990776013,5696.22176500217,0.411875827612886,-1634.17600769561,7330.39777269778,0.0162999764146764,0.199073853777485,0.560623196034996,0.007928714482737,0.0194502027209585,-0.0118090840655008,0.216509339247784,27440.6165653742,0.560623196034996,0.66854,0.489150659804402,1.15926160498445,1.42241815083428
Cyprus,626757.332315287,0.885551445426868,706474.615593551,645361.200769284,10300.3532444471,0,240.900269182498,10059.4529752646,0.0142364394816218,0.779148543803219,2.15824886616581,0.0162193050949878,0.00180978889044594,-0.0232791451255798,0.970385468087955,31614.6794961454,2.15824886616581,0.9099,0.413768341310195,-0.504970869824556,-0.160657407791213
Czechia,563835.433062147,1.36175146824272,412708.026039605,605065.741408033,11811.5282105428,0.502971617967599,792.751087684952,11018.7771228578,0.0267088187216429,0.902907397826844,1.99139596970287,0.0197364393177008,0.0282919161042011,-0.0180649811436018,0.193606429452987,48568.5175685749,1.99139596970287,0.73392,1.7687282754199,2.51006686789561,1.66645123551787
Germany,249282.565185471,0.69339630480295,358517.39161864,305061.963511019,12293.8378721261,0.363247476803337,2257.82944538044,10036.0084267457,0.0279632635914538,17.2297782267588,32.0282327535301,0.0404125719888334,0.0150136580862448,-0.0276586365383834,0.423156067567688,62482.3960192245,32.0282327535301,0.80152,2.09438275092239,4.01549941313686,2.50662398995036
Denmark,280729.835981564,0.526707144476142,532544.234040802,244778.100478502,12603.344330997,0.605499989114076,-1890.72732174971,14494.0716527467,0.0272141286861922,39.0881520692464,91.8959673369229,0.0518794937672865,0.0244598161269279,-0.0105423897680474,0.361901393046901,66999.4143878004,91.8959673369229,0.62762,1.00989307206032,2.3777771575608,1.70810699994719
Spain,268082.214371889,0.792993384746085,337492.12006155,317360.604757337,7861.31540933649,0.0151122924097639,1223.91189337023,6637.40351596626,0.0196378454926046,1.89357061389401,5.82382657809638,0.0247717258831848,0.00859822432689896,-0.0232508847523146,0.540272229543311,44698.790008969,5.82382657809638,0.73892,0.718563715350009,1.54738264298446,2.8247949919951
Estonia,579606.101145082,1.31363280986245,430560.156020806,554780.16385889,10261.1654068774,0,-385.761313949427,10646.9267208268,0.0246359643423938,1.82070374218616,3.77520873601119,0.0190712332764389,0.0453169983212775,-0.00206052770258099,0.357573382451641,42660.1971554552,3.77520873601119,0.7554,0.974148407748401,1.38074652801063,0.958249374657479
Finland,253587.620955111,1.27613143714798,198050.043080633,307640.727842759,12415.6084078106,0,2184.54407034282,10231.0643374678,0.0516242271181312,14.9724513816711,35.4657780068181,0.0405741203916746,0.0397554706902739,-0.0306582495758328,0.635170446128062,56729.199613422,35.4657780068181,0.4247,1.54054415326646,1.36562854810539,0.742356466549685
France,185190.264838226,0.69547518559216,265914.883013901,254108.471993303,8747.3659567253,0.00690069900254773,2376.91151858773,6370.45443813758,0.0239399763719714,10.7306324118304,17.3833764959172,0.0344651302335883,0.0227128876816009,-0.0197886666481642,0.210627154748075,53315.48849336,17.3833764959172,0.49106,1.37058384065039,1.9706727991034,2.47589929751249
Greece,866098.39833806,1.04682142384266,826290.13389987,792963.804541991,12363.7440291292,0.474949683081664,-1237.65355541314,13601.3975845423,0.0164447263132319,0.13058084450378,0.758956630832987,0.0157414798181295,0.0068537094419314,-0.0199637262290556,0.522269927293346,32492.6093287415,0.758956630832987,0.84192,0.15902573166093,-0.103313363214843,0.544287906714586
Croatia,451073.658441493,1.5467359446458,291081.551086798,643461.776515677,8111.04051000339,0.398254396279234,2373.44718380776,5737.59332619564,0.0197210558958281,0.30099350873894,0.81582660383186,0.0128485466639348,0.0117645666641718,-0.0138102888013111,0.594515045438137,34110.9528718772,0.81582660383186,0.69454,0.759145454537257,1.43603819303576,1.09117614575559
Hungary,495023.570337384,1.59267152233119,310453.187559778,572031.638594441,7712.85219201496,0.319252478907923,1049.19002425402,6663.66216776093,0.0214744163675682,0.531847152436591,1.13004041480204,0.0135802537707191,0.012880557270862,-0.0191729968187561,0.292171796827232,36377.9840457061,1.13004041480204,0.69598,1.3939236703565,1.77748772699122,0.902519540553035
Ireland,224603.769691412,0.404384814500103,551685.615480559,313317.058931139,20403.3157849633,0.50364055554326,5960.72841456781,14442.5873703955,0.0261592425798341,3.49209971269592,10.3249652052269,0.0667002622713311,0.00981973155681971,-0.0243154349237619,0.364386897783806,99711.9223391613,10.3249652052269,0.88994,1.26877328543058,-0.278519514919365,-0.33815959704924
Italy,223468.530050359,0.755036604964332,295795.782040384,320454.899998764,9227.45138977485,0.238079150428737,2804.02558532943,6423.42580444542,0.0217160072069874,3.68837427524338,5.96393536477427,0.0287762504268678,0.00720887230809657,-0.0229074934643186,0.730643522944926,49092.3138756532,5.96393536477427,0.78952,1.17116207407037,3.02236881891321,3.34060275936967
Lithuania,544090.824085707,1.35886529992609,400062.692486892,578165.100024246,9442.52540555717,0.0195862730786034,449.275794298999,8993.24961125817,0.0224924661707419,0.428526912540984,0.820689685047393,0.0167280902244169,0.00866296682439992,-0.0244148974195557,0.817990507666809,43115.4900019671,0.820689685047393,0.6608,0.714108655311008,1.18789710512878,1.24695069931438
Luxembourg,121675.340054589,0.67949013763429,177279.980936647,260217.775078281,26124.2529771969,0,14147.9289656483,11976.3240115486,0.067168544665837,22.71450499106,54.7078209470527,0.0995758187797133,0.0046734876637122,-0.0764472776008953,0.835534138302409,133895.345779518,54.7078209470527,0.80368,1.47719569816098,0.72696516339,0.556729707894771
Latvia,480352.853945624,1.62114593327345,295953.299318404,593767.238795559,8610.06047243418,0,1558.74449613485,7051.31597629933,0.0238299885241039,0.734461933515478,1.31206044229106,0.014846558673254,0.0166524669876752,-0.0125672412830342,0.995138224491267,33588.1590775117,1.31206044229106,0.59064,0.759973699008291,1.00264299702348,1.00122806550991
Malta,217069.468890086,0.455591278115542,475085.495736155,444661.926436891,11612.4089410886,0,5881.48512362044,5730.9238174682,0.0120538746883454,5.78814182004778,11.2597857981219,0.026564224581936,0.000869722105944542,-0.068549461816601,1,54376.7599758054,11.2597857981219,0.96558,0.91100565274548,0.0981521787495458,-0.296354184165145
Netherlands,249432.965127653,0.658277247623588,377458.748383397,328810.073985185,14644.422687372,0.733263723579814,3555.51383082538,11088.9088565466,0.02933558954694,10.6121729500846,24.1540229209733,0.0447772090097189,0.0222680530624515,-0.0353637441969596,0.207865923374465,67471.3051730607,24.1540229209733,0.91756,1.26298566130999,0.971709463657553,2.03758829187309
Poland,763190.91355022,1.66529054110001,457247.004041782,687825.569594499,9071.58524198103,0.792047130124557,-1022.25541325969,10093.8406552407,0.0220881122296572,0.596334735241635,1.0115285069301,0.0133504785093377,0.0190323306952865,-0.0138664029611094,0.191335191443714,38166.4745618241,1.0115285069301,0.88222,1.03646819149263,2.11061924097096,2.1297482484325
Portugal,311682.535074198,0.938141245959611,330523.912468386,352715.335887349,6714.62719673854,0,789.782523056435,5924.8446736821,0.0179065039418532,0.718870226700043,1.99192619969228,0.0191427325938218,0.00736532760708366,-0.0194718109665665,0.977270777678507,38756.852057085,1.99192619969228,0.73816,0.414290222640744,0.948366776223571,1.68346643160774
Romania,500903.012227989,1.3516417628546,369536.782725805,529089.649421901,5583.32699381944,0.626005035829358,312.026209069207,5271.30078475024,0.0142851905991522,0.0309758725511468,0.165240582321149,0.0106612777706499,0.014459345030167,-0.00553181211898816,0.245575623538098,35873.171002314,0.165240582321149,0.73078,0.961432858270326,1.57222776831262,1.15015011700625
Slovakia,439746.780478736,1.38141722351215,317907.429467158,595411.88205857,9467.56375798988,0.0620585988523649,2504.34090299417,6963.22285499571,0.0218985342690534,0.698141030590058,0.954332810874209,0.0159933613645034,0.0145687268230907,-0.0224255458057128,0.325257348914395,36719.8256684959,0.954332810874209,0.63424,1.43616269698543,1.05105221004061,0.849296346953573
Slovenia,371564.236470883,1.27292108883977,291230.843134767,438068.560738818,9162.9075735467,0.2522144231532,1357.5293325973,7805.3782409494,0.0267957370942218,2.79386141672555,4.60062717054758,0.0212530968259857,0.0191755391201314,-0.0189243784748591,0.32038847486264,43951.0064323331,4.60062717054758,0.62876,1.50166562999129,1.73367120586991,1.33489660604372
Sweden,106768.450763616,0.780513708282682,136655.68129782,189898.60408585,8718.94798861046,0,3817.12694973986,4901.8210388706,0.0358523761042589,16.1559137057344,39.8918448062617,0.0461002196715295,0.0408957469139631,-0.0160378969861235,0.568378892363733,61128.2280651314,39.8918448062617,0.31882,1.67989681670434,1.91377792483969,1.32146048078308
