,Country,year,GWP_Imports,GWP_Exports,Employment_pba,GWP_pba,ValueAdded_pba
0,AT,1995,55610651244.5,13769498289.2,4836.2842436,63646248719.6,184292.389125
1,BE,1995,87827273370.7,43266376981.6,4891.29405411,92915950162.5,220205.904501
2,BG,1995,6837777113.64,21947073306.1,4875.86761584,62397869112.2,14519.7813098
3,CY,1995,8981644919.76,11043375816.9,506.418338696,14873225329.6,7594.07022184
4,CZ,1995,22017043769.7,33216391739.6,6740.10200639,130876632936.0,45982.9229808
5,DE,1995,395683790766.0,158375004394.0,51285.0559535,795575328974.0,1976773.17839
6,DK,1995,48698250932.1,16277735912.3,2647.62020033,56438746376.8,141443.47253
7,EE,1995,4267108174.04,8759973386.53,919.29367349,19916200929.2,3417.95658673
8,ES,1995,152543533500.0,39859085589.2,19208.3950476,280367165297.0,469887.091119
9,FI,1995,39526728068.8,17460281183.5,2378.1568327,60961946933.3,102588.722209
10,FR,1995,367685998992.0,110981509133.0,24235.9524097,366983018933.0,1224003.59511
11,GR,1995,41583226610.3,20800293528.1,3567.68532554,193970694119.0,104653.026815
12,HR,1995,10394942330.4,4710559281.94,1824.00126903,22179972468.3,17138.8729118
13,HU,1995,24243621829.7,15798954994.8,4667.35902585,52101768558.6,35503.5994091
14,IE,1995,16752875618.9,46296921004.8,3693.64738076,99031003592.0,52868.9480057
15,IT,1995,302142109211.0,76888977660.5,24190.0812402,357708622925.0,898087.689903
16,LT,1995,6760410400.55,3961755422.9,1967.847903,19203683134.6,5121.74176514
17,LU,1995,1485994663.13,3216311989.47,337.325926932,10974050926.5,16504.931515
18,LV,1995,3311214871.99,3262828787.99,1338.30334096,11830140175.4,4131.79648815
19,MT,1995,1292394200.75,495631848.86,333.164466589,2541084793.38,2826.70013304
20,NL,1995,115559405844.0,153540501152.0,8723.93013885,438101672101.0,345785.157517
21,PL,1995,44872132116.7,60656558106.8,20243.6006273,352021036624.0,108787.279411
22,PT,1995,64904172551.1,12840089392.5,5371.34274742,56006875256.2,90306.0034586
23,RO,1995,9001319960.31,16142271505.8,15079.7399766,95232697854.4,28789.7297622
24,SE,1995,74345976909.8,15668004375.1,3994.66191122,54551434524.3,204363.197179
25,SI,1995,9899321516.44,5261524385.62,1133.30287113,16549748968.7,16325.3600379
26,SK,1995,20834002256.6,6677438713.24,3046.30575038,38356359552.6,15322.7790716
27,GB,1995,374585820001.0,108112350055.0,35428.8026574,450033198020.0,1025750.63111
28,US,1995,1694271971500.0,442752726261.0,213205.874257,4666561999260.0,5840786.69725
29,JP,1995,780327916914.0,170803445408.0,48802.5505843,1269032518020.0,4165991.98158
30,CN,1995,221653794738.0,2445995538500.0,1414192.91226,12714067628100.0,561532.849863
31,CA,1995,386713307845.0,230545391955.0,14022.3493779,614361395357.0,463259.221176
32,KR,1995,253374081684.0,144132326980.0,37777.1689064,668809421008.0,433165.885811
33,BR,1995,167412117490.0,64674843787.0,84620.8183596,849160454561.0,594841.606768
34,IN,1995,81297484730.4,452149539131.0,903992.381652,3820955190010.0,284237.553362
35,MX,1995,124991713579.0,153816904864.0,70816.7634284,787069319472.0,275284.791255
36,RU,1995,230127485369.0,645505613678.0,67493.5927169,1952782803730.0,307564.860364
37,AU,1995,132841925617.0,171910662947.0,10572.269327,718440480895.0,299001.803031
38,CH,1995,100292783909.0,12820439537.2,4370.88516964,37844608690.6,269986.026816
39,TR,1995,60084643847.8,54782194911.3,28658.3655547,399384470196.0,178328.048781
40,TW,1995,180181909482.0,119501875603.0,14931.9830752,299969414122.0,210361.5928
41,NO,1995,102113141598.0,32108952944.7,2354.44090948,72946553237.3,116231.385495
42,ID,1995,156723417242.0,189131977160.0,185240.90662,837387640263.0,180776.787092
43,ZA,1995,24961982074.8,70212387638.3,15167.2637758,525378178020.0,120362.349616
44,WA,1995,1661240223320.0,1272597836720.0,768485.610168,2771422805080.0,684972.540024
45,WL,1995,209260807394.0,364196651273.0,122059.963745,1262362420010.0,636939.611434
46,WE,1995,66941522420.6,223521289494.0,211852.35252,625238285129.0,91536.1723545
47,WF,1995,151335368082.0,371093440412.0,509605.962531,1627771775800.0,277906.42023
48,WM,1995,332613101850.0,768868125279.0,44740.1822628,2471273002510.0,451893.708879
0,AT,1996,54300572241.7,14020408105.2,3316.05,55894314466.8,186866.805776
1,BE,1996,75133827724.1,52784376576.0,3790.77762091,100387653584.0,219891.046034
2,BG,1996,8916663980.09,26916184108.1,3119.8,64621068862.5,9683.20755931
3,CY,1996,8156749068.86,3154799664.36,263.474860272,7289034423.9,7887.83646363
4,CZ,1996,63208836870.2,33530016181.1,5010.39293115,126819268327.0,53074.3419812
5,DE,1996,439223549564.0,172296758525.0,37958.0,817867431979.0,1966853.09136
6,DK,1996,35890100581.8,20942971971.6,2714.7,71875355526.2,147777.677538
7,EE,1996,6598436134.23,4825399783.82,642.5,18335570489.4,3762.51082683
8,ES,1996,147597234823.0,56239620985.1,12827.2994597,251766184205.0,506127.413399
9,FI,1996,37345151786.3,18560504310.8,2060.55977909,62352980735.2,104066.042854
10,FR,1996,357263247423.0,101028531931.0,21266.0,357068851612.0,1264680.556
11,GR,1996,44199542330.6,23542006323.7,3876.8,169684596933.0,114876.059777
12,HR,1996,7564963188.79,4616507471.44,1545.1909068,17776488712.8,18674.0598264
13,HU,1996,53334929664.7,14980073455.0,3800.6,54367272094.9,36747.8659057
14,IE,1996,19219767894.4,26025254305.9,1189.49309757,49729632118.0,59686.8042526
15,IT,1996,304021293979.0,89553586328.9,20585.399993,393369354339.0,1033695.49851
16,LT,1996,3542709085.46,5488681960.2,1528.9985456,22855031510.8,6602.08223738
17,LU,1996,3137552615.07,3092789910.08,159.074171503,4720636511.42,17150.6336717
18,LV,1996,2643353652.5,3055624670.25,1105.2,11985333419.5,4700.92069671
19,MT,1996,4565219979.08,1071023312.25,128.367587065,2271529716.91,2997.69373962
20,NL,1996,130857460624.0,88918985285.8,6850.2,187527406395.0,354788.168475
21,PL,1996,84431727033.7,80254571075.8,15212.3999441,377358298756.0,126166.214138
22,PT,1996,37475809369.9,10043981342.3,4481.15071837,55912239512.1,96586.4419458
23,RO,1996,10659774012.2,32941786069.8,10778.0,137781707768.0,29273.2619273
24,SE,1996,49539379344.3,19864933952.5,4203.19877906,60411204016.7,229775.327235
25,SI,1996,11718770758.1,3259222125.88,909.3,13127923962.2,16936.87378
26,SK,1996,13881032445.8,13941976106.1,2243.29998572,44760232612.8,17054.0486535
27,GB,1996,289097812511.0,157380735340.0,26460.716553,549207615778.0,1114816.25471
28,US,1996,1142040641650.0,491348884041.0,128167.5,4577747956440.0,6358290.93487
29,JP,1996,609576366567.0,169137739387.0,66915.1,1074314415650.0,3806973.66919
30,CN,1996,185742148137.0,749758491712.0,563523.5,3982917319290.0,680277.986025
31,CA,1996,110356436805.0,181520750476.0,13291.9899161,524788275494.0,496670.583647
32,KR,1996,208887894063.0,69847342476.4,20470.5,372189834442.0,480559.997276
33,BR,1996,79121742511.5,45761808767.6,72216.3,632161245308.0,669152.01547
34,IN,1996,91990972648.9,145669612844.0,343830.7,1397605826710.0,310031.44491
35,MX,1996,69911262973.2,69467196773.4,31719.4,352390026251.0,323677.228442
36,RU,1996,84980771719.5,775861552044.0,59563.113447,1785053523260.0,311003.686153
37,AU,1996,92950385972.8,143876247571.0,7763.31059055,432161757390.0,342243.419309
38,CH,1996,79446494245.5,13672693630.7,3675.1,41672025987.9,268148.765307
39,TR,1996,130546822529.0,28091156401.0,19975.5,208901072070.0,196884.589386
40,TW,1996,135160578551.0,82576355153.6,9194.20639403,158267338908.0,223295.660105
41,NO,1996,41850841708.3,40611893087.7,2133.62941163,74675475325.9,128786.247049
42,ID,1996,111249256043.0,112493686255.0,80099.9,421136528588.0,209483.17449
43,ZA,1996,19863732835.4,110803376219.0,12991.3140699,292768045084.0,117936.61083
44,WA,1996,604283644133.0,805499919383.0,304700.0,1687811816140.0,772551.491557
45,WL,1996,168430302018.0,294246372612.0,87048.9793588,857202079448.0,679899.9912
46,WE,1996,38164443795.5,217055282122.0,149957.0,601407421869.0,92920.3731959
47,WF,1996,95517214864.0,468154981856.0,226434.0,1293999467700.0,309562.375044
48,WM,1996,185441281245.0,491252049708.0,19411.847816,1196541614780.0,520958.223562
0,AT,1997,55627973650.3,15838197815.9,3099.08,57863930853.2,187642.210538
1,BE,1997,72864723667.0,58418793048.8,3800.7,101850011488.0,222843.693906
2,BG,1997,8486677728.07,23658895012.1,3040.3978083,63574151205.5,9978.96986263
3,CY,1997,9219350091.4,3856771598.56,268.074980674,7559539008.19,8409.52858336
4,CZ,1997,31248641714.6,34446870280.7,4908.077,126226376038.0,54832.9091763
5,DE,1997,400838391985.0,187482234189.0,37969.0,838137777653.0,1950589.06066
6,DK,1997,37032521244.2,24865104912.0,2738.9,83792224192.0,153032.328869
7,EE,1997,5544819020.82,6853273320.3,615.5,18980126983.5,4539.39921205
8,ES,1997,136673908667.0,61849754381.8,13131.4,241156048555.0,520371.836154
9,FI,1997,42686452935.5,22575624140.4,2114.94690248,70504848394.7,111910.775508
10,FR,1997,251165682188.0,111395619145.0,23822.5841678,367588773117.0,1281206.64287
11,GR,1997,35957451818.6,21736911532.7,3924.86861364,168424476932.0,126234.391249
12,HR,1997,13273495260.5,4734809849.27,1556.6,17771202389.8,21036.0398169
13,HU,1997,25298194874.0,15333193468.8,3702.7,56049411758.0,41708.0788087
14,IE,1997,35526539779.6,28565284418.0,1285.8,49758171859.4,73036.6910167
15,IT,1997,282874402021.0,88319867444.8,20705.6,385064008246.0,1095161.62345
16,LT,1997,10882585855.5,5959444646.56,1522.29883518,24006889211.0,8923.1092522
17,LU,1997,3296683626.4,3329594571.84,162.5,4529953007.8,17400.0481716
18,LV,1997,9226953559.66,3141467725.92,1050.24336458,11773421130.1,5751.18703662
19,MT,1997,3265372003.54,1303295740.53,140.16,2530939027.72,3330.05353033
20,NL,1997,125471806595.0,89306354260.5,6810.72835405,192022729704.0,367539.941085
21,PL,1997,51825269745.2,83706092445.3,15417.1,391700581041.0,140527.508582
22,PT,1997,34763931541.8,10155177643.2,4490.1,53875729467.7,103194.519532
23,RO,1997,21137100429.4,34063561249.1,10256.0,138818217522.0,31603.9431165
24,SE,1997,59852925745.8,22433322890.0,4138.7,65883860340.1,236460.625706
25,SI,1997,8306664005.62,3568844601.95,899.799493133,13935259392.9,18310.5034508
26,SK,1997,25698616671.9,14714667682.3,2321.1,43867655557.8,19327.1414793
27,GB,1997,307597008331.0,134561257754.0,27201.321288,560378874917.0,1373994.91422
28,US,1997,1174581535430.0,525645737182.0,130145.1,4653391295570.0,7563978.83598
29,JP,1997,555437389947.0,166391870708.0,67154.8,1079179723540.0,3893063.67888
30,CN,1997,189723347504.0,796111564512.0,571429.899999,3985323111090.0,847973.089016
31,CA,1997,130913283233.0,193939670317.0,12018.53,530908112175.0,577602.737767
32,KR,1997,190861935087.0,87152840859.6,20857.4,399260937678.0,502429.491126
33,BR,1997,98470188864.3,44837637442.3,70414.5,655624487395.0,777347.756279
34,IN,1997,86615310421.4,155587219395.0,347060.1,1441621226560.0,375260.178454
35,MX,1997,87218350410.6,69814083216.0,33804.1,370969009285.0,441283.960266
36,RU,1997,148128466969.0,764527591879.0,59620.8,1749203173600.0,359633.142337
37,AU,1997,102454898664.0,144834735730.0,8322.9,440729094419.0,384898.140419
38,CH,1997,83716372691.8,16125644501.0,3272.4,41407062661.1,260245.868488
39,TR,1997,85343001893.1,34571154790.3,20449.7,225466036449.0,230665.858142
40,TW,1997,134548970495.0,84178408989.6,9474.7,172484225459.0,262772.431466
41,NO,1997,41482292481.7,40603263718.5,2204.0,76757826769.1,142289.78208
42,ID,1997,95580987479.1,117169022029.0,85691.5,432006743271.0,222563.02235
43,ZA,1997,24927562516.4,118867874398.0,13271.6999993,308900074104.0,136718.589758
44,WA,1997,709144931339.0,818382351516.0,311522.0,1684993823560.0,861982.890066
45,WL,1997,211022447787.0,275427226860.0,90780.0,879361450347.0,831002.520783
46,WE,1997,99411220243.7,175970303505.0,149480.0,547566777646.0,106904.62296
47,WF,1997,116136684477.0,417882485320.0,232371.0,1239299077300.0,353467.264223
48,WM,1997,228550793288.0,535719143343.0,19676.3,1242843439230.0,603096.855468
0,AT,1998,56035274819.4,17259346616.3,3552.05,59038222709.6,194679.003216
1,BE,1998,71524759537.8,56973376898.3,3909.6,100896632872.0,230597.315382
2,BG,1998,11668261741.9,21391648051.2,2894.1,62518057523.4,13407.3950709
3,CY,1998,7333558777.38,3302438666.94,272.549987686,7634450715.44,9133.76821504
4,CZ,1998,29258945546.8,33578989932.5,5095.87813785,125185241084.0,59591.0255074
5,DE,1998,427405943602.0,181410915122.0,37947.0,797948435537.0,1997129.09096
6,DK,1998,39060152932.0,21392885875.1,2588.07586144,74330716444.1,157872.889659
7,EE,1998,5456399306.78,7103704662.44,609.9,18608191613.2,5050.32254634
8,ES,1998,143960492361.0,69104155333.7,13611.6,263427855783.0,552337.749002
9,FI,1998,39766798112.2,20600762858.0,2197.2,69159668839.4,119559.024157
10,FR,1998,278621366501.0,111460468753.0,24011.0862664,364236014135.0,1340781.29536
11,GR,1998,43169247892.0,20837755245.0,3909.6,169301376748.0,128828.668085
12,HR,1998,10123109646.8,4962341630.77,1566.09985219,18422843431.2,22716.1745093
13,HU,1998,29256244043.9,17037230643.9,3660.9999209,55685538383.5,43445.5399864
14,IE,1998,32711415133.8,31673471713.0,1362.9,51391159453.4,80386.8417613
15,IT,1998,307557046867.0,92187659237.8,20809.1,391769512122.0,1132892.8026
16,LT,1998,10414739711.1,5398578921.97,1534.1,25006089441.6,10025.6364385
17,LU,1998,4191605955.76,3074957779.18,164.664449602,4670199110.41,18025.7579975
18,LV,1998,8348913382.85,3144641359.09,1033.9,11902249408.3,6386.16934232
19,MT,1998,2618365844.7,1391852512.49,143.959924058,2515783899.17,3546.26821548
20,NL,1998,132353973397.0,86182183262.4,7039.7,188069295697.0,390704.255667
21,PL,1998,70606983726.2,86415260747.5,15301.2,374721354292.0,155816.422767
22,PT,1998,36211134646.7,10798788318.8,4585.0,56969053876.6,110563.028388
23,RO,1998,21799404179.2,26585209889.5,10880.9,124767855027.0,37443.5900016
24,SE,1998,60008179638.5,22255303709.2,4062.79999852,60294313847.7,241557.533824
25,SI,1998,9170544473.14,3547308846.5,920.3,14304892131.2,19752.151246
26,SK,1998,22978625349.6,11580458712.4,2313.2,44760692431.1,20354.6166989
27,GB,1998,316760521972.0,130448044580.0,27728.7,543114607376.0,1473154.53496
28,US,1998,1300356644050.0,494712245284.0,118831.7,4768985049240.0,8083861.38614
29,JP,1998,455039171181.0,189194108599.0,67828.6,1065713401450.0,3596922.43362
30,CN,1998,183723098873.0,756865617480.0,576250.6,4000945184950.0,917902.613994
31,CA,1998,136149539016.0,226558061690.0,12699.475,539019815769.0,565535.495735
32,KR,1998,105013616665.0,142283228321.0,21150.8,420474456450.0,341924.754972
33,BR,1998,98104384594.5,48451685461.2,71760.7,680127420396.0,761587.151274
34,IN,1998,104113236140.0,170718158965.0,350400.758624,1482668262840.0,383150.690835
35,MX,1998,97749055645.4,67670739831.5,35787.4717561,388273510366.0,469627.79713
36,RU,1998,119982195001.0,797084297099.0,59122.2,1629823104440.0,243406.003905
37,AU,1998,94314915675.0,140869684132.0,8390.3,451166124074.0,347496.041848
38,CH,1998,80636417031.3,16243420235.9,3638.9,42070060221.1,271054.82533
39,TR,1998,84254638750.7,37019106100.7,20442.0,238261907686.0,246134.803056
40,TW,1998,131099217510.0,79350114413.9,9419.92474542,174412585122.0,247596.222927
41,NO,1998,42790066815.4,37952646503.6,2263.0,78979257164.8,137510.851292
42,ID,1998,77600210799.6,159309492404.0,86943.5999998,441060330094.0,99592.9052171
43,ZA,1998,21181535298.0,128112960955.0,13127.6,325572067474.0,124799.723668
44,WA,1998,625537681559.0,764896013707.0,320948.0,1681116926650.0,760664.606989
45,WL,1998,225265049685.0,297453133903.0,90656.0,948353262446.0,851419.661615
46,WE,1998,88774631129.5,168068658560.0,149337.0,534682166172.0,100461.457963
47,WF,1998,129165588397.0,355740717351.0,238823.989232,1231086236200.0,358717.131043
48,WM,1998,226605648764.0,476174720799.0,20430.0,1256656939870.0,590795.391236
0,AT,1999,55010681679.8,17262780658.6,3648.76,58237474170.4,203771.323025
1,BE,1999,75821440777.0,62962513789.4,3894.3,111095797578.0,242213.39096
2,BG,1999,15073898980.2,20646338989.5,2756.99992714,58736711421.1,12795.1552824
3,CY,1999,7031407530.5,3383580578.13,276.924994591,7967098087.18,9842.59754811
4,CZ,1999,27514561382.9,33960127852.2,5079.956,120572716559.0,61149.4058272
5,DE,1999,450501630149.0,180982805179.0,38407.0,796620113790.0,2058679.2755
6,DK,1999,37488025173.8,22479548339.2,2339.9,70824633745.6,166977.110352
7,EE,1999,5655875004.9,7044236634.86,616.4,18084151223.3,5412.83397869
8,ES,1999,156968151661.0,72826904821.7,14158.1,268485617203.0,595491.383279
9,FI,1999,38553489367.7,21164354825.2,2268.44213904,65301959151.5,126866.65514
10,FR,1999,272798646229.0,108691125863.0,19624.0,381061672925.0,1400454.29249
11,GR,1999,50153925634.6,24158241687.7,4071.96224122,171864901035.0,139945.874058
12,HR,1999,11644219313.5,5933826956.52,1600.79938568,20184741284.8,21955.6591105
13,HU,1999,30644782001.7,16834867145.6,3725.9,57524911451.2,46043.6979508
14,IE,1999,36531803606.2,31202718633.1,1412.49254304,53640595742.6,92632.8004183
15,IT,1999,317435258694.0,85465079931.8,20973.4999998,397850683748.0,1174692.60263
16,LT,1999,9355002507.79,4113386463.94,1532.39255826,24768062697.4,10294.4010659
17,LU,1999,5430678557.36,2961075951.31,162.998903469,4588121009.09,20862.5285074
18,LV,1999,9501894287.05,3251857233.62,964.699999703,11906879563.4,7060.66176803
19,MT,1999,3087276541.52,1111306637.89,146.15,2542857833.73,3840.96683969
20,NL,1999,131812266091.0,87237886860.0,7349.9,188609809428.0,419295.914609
21,PL,1999,65118240613.6,69343119470.1,15185.0,352222362397.0,159533.353207
22,PT,1999,37895660988.2,11724881394.9,4927.1,61345702206.7,119556.803312
23,RO,1999,14818547101.0,25908469003.7,11105.5840492,108735263980.0,33949.5097128
24,SE,1999,61294467026.0,22554816282.3,3986.7,61616587804.2,257150.724878
25,SI,1999,10372322217.1,3209894772.86,927.197001973,14512974302.8,21308.9717643
26,SK,1999,17525210583.2,11095791597.2,2246.5,43294192835.0,19533.1183316
27,GB,1999,325781453412.0,133477154962.0,28076.3,545225204226.0,1578431.09498
28,US,1999,1364948384640.0,512285546280.0,135189.5,4799533193320.0,9036088.38431
29,JP,1999,487549430849.0,166385566828.0,67333.0,1035338042090.0,4280426.55478
30,CN,1999,218283984742.0,756034840638.0,560603.7,4185885622610.0,1026462.90819
31,CA,1999,144800155160.0,223583592601.0,12976.395,551995144348.0,636521.361779
32,KR,1999,141317955669.0,97044066992.4,20001.6561503,372484758554.0,466798.700124
33,BR,1999,78388551531.4,67133506706.7,72346.6,686393704745.0,557394.807664
34,IN,1999,130408976819.0,155374558305.0,340595.8,1505577927150.0,433281.243377
35,MX,1999,105218699811.0,71664161356.5,36711.8,400799044864.0,563176.047102
36,RU,1999,93415133736.2,886564635387.0,58457.9,1621640690350.0,185121.859909
37,AU,1999,108023901769.0,164890446909.0,8571.1,505150542810.0,400232.645717
38,CH,1999,80093632669.5,16842698367.2,3676.9,43285802390.2,280098.914801
39,TR,1999,81122902209.4,39007547240.4,20952.4,243190603828.0,240566.695437
40,TW,1999,132969849347.0,85321821663.0,9170.8,185391644024.0,278755.589087
41,NO,1999,37028543123.1,40800056220.1,2332.1,81104733240.2,152265.954805
42,ID,1999,73772058787.7,135948185319.0,87672.1,439434494303.0,153664.560671
43,ZA,1999,22420901125.8,119093725551.0,12750.7,331382311549.0,130188.107935
44,WA,1999,553124787958.0,809602675224.0,366697.0,1707382994670.0,831881.522716
45,WL,1999,219838967248.0,292258275438.0,92383.0,906425511765.0,863817.625758
46,WE,1999,54838550316.2,177149091229.0,148994.0,519715215771.0,85391.1718666
47,WF,1999,130791168060.0,375894466454.0,245646.0,1200173041430.0,383498.124711
48,WM,1999,244091540179.0,499400735636.0,20668.2,1234067817830.0,674193.721402
0,AT,2000,49317638513.3,17911522924.6,3689.77,57218582600.6,213078.852087
1,BE,2000,78683222612.2,68209570745.7,4033.09999994,108580406868.0,255743.126398
2,BG,2000,8633851396.89,15343113445.1,2819.5,53355407197.8,14341.7060349
3,CY,2000,16353956756.7,3740149765.91,278.583101533,8156427403.22,10786.9911667
4,CZ,2000,34241441778.5,33914762683.5,4899.702,114894514707.0,66937.521099
5,DE,2000,423544129023.0,194570422804.0,39031.0,776737854448.0,2103880.35114
6,DK,2000,44645809315.5,26779002851.4,2813.3,68575801465.3,177737.01114
7,EE,2000,5901487458.55,5523380962.49,557.5,17216684556.8,6169.66662925
8,ES,2000,170332886395.0,78105543246.7,15004.3999998,290229767781.0,646250.747652
9,FI,2000,46718561605.7,22582560624.0,2412.7,66371621180.7,136104.975544
10,FR,2000,298105267323.0,114674605727.0,25033.0,378375861401.0,1474932.75725
11,GR,2000,55722420350.7,33049372809.6,4098.49999849,174859547160.0,142614.994475
12,HR,2000,13156726456.0,7012279140.38,1508.2,19754609675.2,23461.722973
13,HU,2000,50127840901.8,18695671530.9,3855.1,57757192710.1,51124.3086512
14,IE,2000,33884050030.6,34884523503.4,1576.6,56311000248.7,108132.461354
15,IT,2000,305232344028.0,96507925563.2,21209.5,398374513654.0,1238446.24743
16,LT,2000,12144994044.5,4609630991.02,1539.0,21547930627.7,12478.3186366
17,LU,2000,6421600424.19,3960014135.47,169.299958044,5297897785.89,23022.4106841
18,LV,2000,9907852468.45,3154792136.26,1016.1,11154385745.8,8607.09610379
19,MT,2000,3463766108.53,1124015345.41,148.209999559,2659943631.34,4388.63214096
20,NL,2000,141843922678.0,95324029681.5,7496.3019457,183568820458.0,450890.500584
21,PL,2000,87818111499.2,75185723078.0,14866.6934791,350408767290.0,186466.491757
22,PT,2000,39513042678.4,13454258029.6,4962.6,67447668859.8,128097.249353
23,RO,2000,16617901879.5,27554902653.2,10993.5957392,96813755222.2,40535.956308
24,SE,2000,74085486429.4,23800832497.8,4205.6,61510001810.9,284575.776707
25,SI,2000,11208758702.0,4919209606.74,912.7,14079792195.2,21969.6983719
26,SK,2000,30387648485.5,10786759289.6,2215.1,41156385808.9,22433.310863
27,GB,2000,348615505872.0,148570043451.0,27910.8772918,533050507875.0,1795275.02779
28,US,2000,1526233412760.0,502084947613.0,137353.1,4803631996860.0,11100419.0126
29,JP,2000,552048521567.0,175329068071.0,66789.9999967,1058656363460.0,5291814.35289
30,CN,2000,266880856448.0,802904062194.0,563268.6,4113395368660.0,1311532.21451
31,CA,2000,131656389689.0,222261788614.0,14740.915,552435822081.0,806381.320702
32,KR,2000,175748474264.0,110530567934.0,20307.8999982,398908205986.0,623840.827003
33,BR,2000,87764057440.8,67262721843.6,74079.5,703950082107.0,706323.183786
34,IN,2000,101717416888.0,194092362405.0,354791.133614,1554598069160.0,515534.901372
35,MX,2000,124576315075.0,71321728463.1,37125.0,393354823811.0,766468.020812
36,RU,2000,116735869567.0,911678306313.0,62938.1,1624882166500.0,283203.926166
37,AU,2000,98847460305.3,186876926128.0,8719.59999851,521482217212.0,442588.77005
38,CH,2000,79892267587.3,18377780545.0,3309.9,44669606461.3,302981.928818
39,TR,2000,84816354522.9,39457030356.6,21476.6,243646331769.0,296984.454876
40,TW,2000,154527363451.0,89363310530.0,8684.2,188491278747.0,351621.867792
41,NO,2000,40361916256.4,51274280259.7,2347.8,85394830842.6,185411.780651
42,ID,2000,68585417382.2,151609822052.0,88672.9,453171947050.0,190236.280209
43,ZA,2000,25632642128.7,131076325583.0,12531.4999994,314728504844.0,149887.117965
44,WA,2000,557883981208.0,890169134323.0,367642.0,1752760004800.0,992175.231566
45,WL,2000,214852171213.0,296721770533.0,93344.6369119,898504283552.0,1031218.99346
46,WE,2000,65087168605.1,190804906983.0,148838.0,494011496253.0,94508.9783583
47,WF,2000,123126262374.0,417411900860.0,252473.0,1212634001670.0,456768.004453
48,WM,2000,267247832724.0,576295015847.0,20901.1500862,1278158669460.0,870837.417737
0,AT,2001,51133315727.0,18183967146.4,3525.48,56519161792.9,220339.563782
1,BE,2001,83402645449.7,66560088330.4,4113.7,108189288218.0,264112.528872
2,BG,2001,8521569253.53,14786264524.0,2597.4,53344868605.1,15836.8125887
3,CY,2001,15390008565.3,3561380037.11,291.5,8648140244.18,11601.391678
4,CZ,2001,33859446435.5,37486081824.9,4859.22828201,126141899796.0,75713.1482511
5,DE,2001,405883934146.0,198705719621.0,39917.0,768024708437.0,2170712.35571
6,DK,2001,43687699759.2,26640060208.2,2814.49383721,65347792979.7,184000.747936
7,EE,2001,6717158134.93,6405965675.08,594.6,17349703701.8,6989.19698166
8,ES,2001,174655511737.0,81995866151.6,15847.6,305382708311.0,700403.291247
9,FI,2001,45513031222.3,22590647933.8,2450.99996624,66819108591.8,144506.332027
10,FR,2001,300784457358.0,110262650744.0,25672.0,364667064531.0,1536905.99278
11,GR,2001,56241497546.3,37646740489.0,4149.7,184052846270.0,152065.804783
12,HR,2001,13287363909.9,6921651184.18,1611.0,19536616638.6,25881.7340454
13,HU,2001,48255898083.7,16689120203.0,3812.88546144,53939314650.9,60015.0960843
14,IE,2001,36868763519.9,32908423531.7,1655.8822262,57277399738.8,121907.259451
15,IT,2001,298532477726.0,98591184800.0,21524.995166,401049384189.0,1303039.69791
16,LT,2001,10349873826.1,5041302950.76,1469.8,20403103624.1,13664.1340831
17,LU,2001,8120214114.93,4470824206.64,173.8,6372699033.85,23751.9299201
18,LV,2001,10153458468.7,3460385947.51,984.2,11369165285.6,9324.47075823
19,MT,2001,2725508921.06,1022742577.63,149.497380315,2493263217.07,4540.45442414
20,NL,2001,149881125534.0,93053289508.8,7651.41688003,185139699228.0,481475.618714
21,PL,2001,84959856336.9,77578929243.4,14952.9383692,345010174714.0,213159.32731
22,PT,2001,40801102615.8,12718812356.0,5058.6,63514735675.3,135660.788585
23,RO,2001,18137404811.5,26542200143.2,10792.3999833,98265849953.4,45463.5204245
24,SE,2001,68727548699.1,23599817687.2,4285.5,58405951684.4,270650.973187
25,SI,2001,10382146986.3,5246046843.42,919.1,14683066327.3,23310.4815577
26,SK,2001,27688489850.7,11524823361.7,2178.9,39168224613.2,23906.198267
27,GB,2001,372897005596.0,145297666406.0,28361.2,532571345067.0,1829793.5764
28,US,2001,1517673571110.0,533774012946.0,139174.0,5017633754270.0,11815343.9035
29,JP,2001,530634972336.0,181783305855.0,66646.0,1064246610280.0,4805206.094
30,CN,2001,332290162938.0,815898489450.0,561639.1,4309826023510.0,1495534.35097
31,CA,2001,138323008252.0,237547889763.0,15085.5244859,565564180362.0,825151.458142
32,KR,2001,178584721995.0,126142787056.0,21184.0,451755089068.0,611496.524079
33,BR,2001,89497006554.2,113668544846.0,75019.3,754542534791.0,626112.967297
34,IN,2001,105434028431.0,226992425469.0,368966.0,1587265251240.0,547854.851112
35,MX,2001,136394676077.0,71085284982.5,37891.4,413997761064.0,844911.70801
36,RU,2001,125761073094.0,849209513584.0,65068.1,1667424887140.0,344797.713944
37,AU,2001,101598062734.0,211788918824.0,8948.1,572705230910.0,435583.781121
38,CH,2001,75488540553.7,17754678854.4,3302.4,45800325823.2,320705.647854
39,TR,2001,58583009170.2,62133614753.7,21639.7,264131219843.0,225271.448951
40,TW,2001,126096651123.0,88984088622.0,9189.48468729,200742750454.0,318276.218191
41,NO,2001,42857012035.3,47885857785.0,2364.4,80691621970.2,194253.132666
42,ID,2001,71632838069.6,146376443584.0,85797.4,462605433061.0,190745.965399
43,ZA,2001,23957890009.4,143857017647.0,11443.9,330455337604.0,137823.593595
44,WA,2001,506060601775.0,921432744202.0,375327.0,1814230758290.0,1002573.61842
45,WL,2001,236448017671.0,288441696150.0,94359.0,918195140302.0,1065208.47525
46,WE,2001,107381482505.0,189350333563.0,147900.0,497313024296.0,112645.829319
47,WF,2001,159108535623.0,379685779989.0,259664.0,1231984410280.0,480344.579138
48,WM,2001,302228475601.0,550306770430.0,19460.3,1316812030830.0,897223.711076
0,AT,2002,48746060573.8,19706946991.2,3581.06,60285711371.6,225663.576172
1,BE,2002,83323862656.7,60037318045.7,4170.4,105630393706.0,271964.380321
2,BG,2002,7952600407.59,13180581176.5,2715.89980614,56225054531.5,17346.6984689
3,CY,2002,13520511088.7,3328729801.85,305.899985583,8696610751.55,12038.1308187
4,CZ,2002,45265335806.3,32385255083.8,4757.043,124862586321.0,86924.9218377
5,DE,2002,374578214379.0,209072191339.0,39809.0,773231608497.0,2187730.78155
6,DK,2002,43134982736.8,25769283047.6,2826.49951845,65807382825.5,188911.632557
7,EE,2002,6687002814.95,4820916017.55,590.3,17514370878.1,7796.68751947
8,ES,2002,176063637873.0,80525842511.1,16497.0,306472424499.0,746009.309216
9,FI,2002,43060769008.8,26145563305.8,2488.8,74054964288.5,147784.194143
10,FR,2002,292542094526.0,108548389762.0,26041.0,357083208207.0,1580324.26762
11,GR,2002,54526182288.0,29641141850.1,4156.6,181431387668.0,162688.181553
12,HR,2002,15779270799.5,6984514457.46,1524.899941,20477123968.1,28358.4811661
13,HU,2002,46713663338.9,15213461443.7,3963.4,54669173128.7,71491.9556014
14,IE,2002,41427092855.3,33571815126.8,1712.4,59237966396.4,135313.11749
15,IT,2002,296947114139.0,90268913877.5,21955.0,396596636283.0,1343877.02154
16,LT,2002,10540386629.1,5019585445.32,1402.4,19366379130.8,15077.014953
17,LU,2002,7914152494.78,5134893488.32,182.184797377,7196024229.48,24976.103083
18,LV,2002,8623459911.43,3273882954.15,1004.5,11476808256.7,10094.2168584
19,MT,2002,3092102061.02,1235616429.41,154.6,2921240279.38,4724.1371478
20,NL,2002,151535984251.0,94294547798.7,7925.79999674,188209844842.0,498768.420593
21,PL,2002,80171227770.9,74868141355.8,14693.9,343196700623.0,210522.876936
22,PT,2002,39173859974.2,12561777452.5,5165.98134032,64639391842.8,141880.49297
23,RO,2002,22074528011.6,29825413518.1,10422.5953193,103721845504.0,48830.3266667
24,SE,2002,54223934490.0,23255848711.5,4492.29999998,58662277384.7,282200.108268
25,SI,2002,10172980757.5,5420442064.12,935.2,15318645633.7,24840.3117283
26,SK,2002,29581737618.5,12608739175.1,2173.9,39379526392.1,26238.0527332
27,GB,2002,368516896481.0,152513991275.0,27368.8,538724735646.0,1882424.05155
28,US,2002,1543774376580.0,479989368277.0,139220.0,5003701580930.0,11565585.8714
29,JP,2002,486041324397.0,181488344871.0,66219.0,1051884493120.0,4351856.6519
30,CN,2002,362190306116.0,872769160205.0,559974.8,4531132894240.0,1555157.85424
31,CA,2002,137778880353.0,239561501457.0,15176.11,570340652209.0,804404.514021
32,KR,2002,192437949860.0,121074500547.0,21600.498281,462539598439.0,663332.188047
33,BR,2002,83925500328.1,137805121094.0,77654.7,782978270098.0,541487.026555
34,IN,2002,121899024753.0,214563599173.0,371303.2,1590609146630.0,542274.342331
35,MX,2002,133582300860.0,70559900848.9,37930.3,409372575807.0,816528.881843
36,RU,2002,117131482921.0,856157633010.0,65119.0,1661636099910.0,367965.694044
37,AU,2002,110208692463.0,195665345899.0,9081.09999801,566175204918.0,460206.549405
38,CH,2002,76837360037.3,15564107875.2,3475.1,41692551302.7,328018.48554
39,TR,2002,73119658245.4,52666069545.6,21588.1992531,249017315685.0,254070.437522
40,TW,2002,116572361838.0,96450379028.8,8538.0,203679748155.0,304180.716091
41,NO,2002,44012375340.3,43783765908.7,2372.1,79272067632.0,206773.165031
42,ID,2002,83791166049.4,139617021543.0,90798.9,480139652118.0,220309.858954
43,ZA,2002,25190553502.1,137984876260.0,11137.9,318793899842.0,122407.007882
44,WA,2002,555068377841.0,967194083609.0,392807.0,1852658393880.0,1014222.72621
45,WL,2002,208643818554.0,343116663585.0,96822.5435099,919471257386.0,795031.155058
46,WE,2002,116924825175.0,179261825774.0,149251.0,503217483538.0,123171.179102
47,WF,2002,178649432147.0,357637260824.0,268625.0,1238328646840.0,487778.189088
48,WM,2002,312963512143.0,574508652407.0,21311.8,1372842284110.0,890104.548493
0,AT,2003,49669931271.0,19164627380.1,3779.6884083,60294283484.9,231334.589322
1,BE,2003,84693687694.9,52927465883.5,4162.2,100299978751.0,280560.004341
2,BG,2003,9735281367.32,13099292810.0,2714.5,52671648882.3,18692.4997435
3,CY,2003,15694564046.3,4026603347.87,316.199998904,9362376705.54,12844.0311737
4,CZ,2003,38339693996.4,30783163732.4,4873.144,122751360588.0,88481.6721899
5,DE,2003,396883064089.0,207339451764.0,39629.9642608,774196177900.0,2206535.01954
6,DK,2003,41609426278.5,25323025602.2,2844.79999995,65357355620.4,192801.343644
7,EE,2003,7232814821.37,5283257584.44,596.29998312,17096838262.9,8732.13553433
8,ES,2003,183286583293.0,81263500390.7,17200.0999999,327750002437.0,800439.51762
9,FI,2003,49271172867.6,24128209379.1,2485.27743458,75194179747.5,151403.519979
10,FR,2003,301127691196.0,106121628801.0,26161.0,351952257095.0,1626953.53716
11,GR,2003,62479944350.5,30200449334.9,4237.58998091,182747208484.0,178497.452108
12,HR,2003,17735299492.3,5196459841.45,1559.09985635,21594461768.6,30663.6422451
13,HU,2003,52493803835.1,14393826766.0,3792.3,53741526723.7,75408.4305025
14,IE,2003,40539395047.5,28678249680.9,1716.26131992,59559800994.4,145202.270296
15,IT,2003,308282339991.0,89117309809.4,22357.7631719,404635785455.0,1391517.96566
16,LT,2003,10275590674.3,4895965185.61,1440.60868285,18869651300.3,16603.58035
17,LU,2003,7079753574.07,5901708925.16,182.299951704,7982604503.55,26128.169454
18,LV,2003,9600885856.79,2934273909.58,1022.92937903,11081531116.8,10386.2632732
19,MT,2003,3293977927.32,1121488660.49,155.2,2769666465.41,4787.60167015
20,NL,2003,147662757215.0,89016711267.5,7701.0,188759124582.0,511642.508882
21,PL,2003,77095433702.3,77556702388.8,14236.7944844,334504825048.0,192564.233608
22,PT,2003,38496728471.9,13967097684.9,5226.7,68420791289.6,145735.311976
23,RO,2003,18770790322.5,32031867540.3,9359.3,102477678582.0,52924.0128666
24,SE,2003,54468617035.3,21484216770.3,4502.39999999,57843039762.8,295559.618146
25,SI,2003,9925589617.53,4390215364.89,946.0,15209239572.6,26198.4920043
26,SK,2003,31371110592.8,13303051700.0,2195.2,38430299840.5,30040.5230075
27,GB,2003,362651819512.0,126149468092.0,28893.5,529223776594.0,1813128.77466
28,US,2003,1546066104100.0,462775028033.0,138817.0,4974373085420.0,10129283.9463
29,JP,2003,505166185152.0,202194769246.0,65267.5,1084577881310.0,3930038.40639
30,CN,2003,423869819182.0,1048390778810.0,562223.5,4843254652730.0,1467715.86708
31,CA,2003,150753428610.0,221229420286.0,15608.92,571212719114.0,791703.597639
32,KR,2003,200387109524.0,124644662406.0,22191.0,451104536902.0,621211.876636
33,BR,2003,74506375038.7,145237886448.0,78752.1,804943809413.0,494096.664443
34,IN,2003,116736399701.0,219425784728.0,368070.8,1625476041570.0,529942.035457
35,MX,2003,115185397381.0,90189624907.5,38798.0,418380446639.0,644744.540323
36,RU,2003,134365263390.0,841357661494.0,66655.0,1673399414750.0,384158.73995
37,AU,2003,119038157054.0,151007190736.0,9245.5,489726724255.0,493654.644972
38,CH,2003,74474860228.6,14850765170.1,3464.2,39667384475.1,320965.832336
39,TR,2003,84074556445.3,45850438725.4,21423.9,257247186858.0,278107.786621
40,TW,2003,107545978730.0,110599955702.0,8907.3,219059574870.0,263137.180531
41,NO,2003,39220821462.1,42381747825.5,2379.2,80045082689.6,202314.32823
42,ID,2003,74261518339.3,147003273275.0,89890.7,484280953563.0,220976.32003
43,ZA,2003,26373858658.9,116822787733.0,11224.9,328951470013.0,154929.03732
44,WA,2003,568299437257.0,868745170084.0,416161.0,1928880668270.0,928669.932993
45,WL,2003,189288337974.0,357225662944.0,99675.0,950245858878.0,697052.691563
46,WE,2003,114675126734.0,185633631795.0,150600.0,508653179840.0,126142.896426
47,WF,2003,173470770389.0,375840347627.0,276500.0,1296056975750.0,476155.088888
48,WM,2003,286465311182.0,652786687095.0,23275.8038742,1450158055930.0,794835.687948
0,AT,2004,50952102812.2,18697404886.3,3604.56,62772164761.0,241914.380873
1,BE,2004,89933683051.9,54458445255.2,4160.2,102030920989.0,296288.299971
2,BG,2004,11587758824.0,15839924070.5,2894.2,56538371333.7,21028.8179576
3,CY,2004,12052246156.9,3288853627.33,326.332215067,9942262086.15,13913.0190432
4,CZ,2004,40728540452.6,37613959907.7,4747.82201477,126557599419.0,96321.7842735
5,DE,2004,407780027554.0,231657886562.0,39200.0,797585745398.0,2258469.38209
6,DK,2004,42819625006.3,26880666369.2,2807.00417422,72053682433.9,202086.063874
7,EE,2004,6770448463.02,6577688113.6,603.7,19024579558.4,9763.12303206
8,ES,2004,199154163549.0,80480385014.6,17869.1,332918370198.0,857898.339168
9,FI,2004,45010910479.7,25625418548.6,2478.3,83196536772.4,158473.773563
10,FR,2004,313603058734.0,104909358726.0,26164.0,356045337349.0,1700968.27343
11,GR,2004,59470927427.0,28411262668.7,4341.2,182836952197.0,193369.011733
12,HR,2004,17358653481.6,5945680405.56,1588.1,23160631285.5,33438.4947393
13,HU,2004,47951385289.1,14516357216.6,4028.3,55188115046.0,83575.8508096
14,IE,2004,48019073816.5,30547858202.1,1785.4,59670960795.2,155909.782142
15,IT,2004,318946430817.0,94377212718.4,22651.7,416248893180.0,1449718.89509
16,LT,2004,10788541674.3,4106496823.52,1489.4,17116713266.0,18188.1790601
17,LU,2004,6745401287.83,5480439268.7,181.6,7997485770.61,27885.5126777
18,LV,2004,8861154393.07,2976269105.7,1049.7,10949935420.7,11578.2659437
19,MT,2004,2855111380.94,857970012.985,156.1,3011113800.5,4858.890636
20,NL,2004,152788604037.0,88206619365.4,8150.3,188733603812.0,528338.412641
21,PL,2004,71807082274.1,79474448524.9,14057.6,344337546190.0,205086.643144
22,PT,2004,41489008764.3,13044020136.5,5185.3,62523810657.3,151975.815803
23,RO,2004,32243139407.6,32153494638.4,8954.0,108619417002.0,61273.0702618
24,SE,2004,56944048958.7,24284224203.6,4505.0,59411920768.5,309605.871541
25,SI,2004,11461511921.5,5606260809.92,920.4,15160320622.4,27667.1103854
26,SK,2004,30270497867.9,13660770952.6,2249.21941385,39746300234.0,34669.0534015
27,GB,2004,409178891133.0,141998216198.0,29179.3391101,534171067627.0,1939169.83892
28,US,2004,1652509168710.0,452766990057.0,123653.916169,4944749742430.0,9818900.23314
29,JP,2004,523256471259.0,216276203362.0,65018.6,1094584959080.0,3871025.02513
30,CN,2004,456163881785.0,1200188170850.0,554292.1,5512273785250.0,1571948.93513
31,CA,2004,162383893193.0,224258516488.0,15942.02,583455347175.0,825372.211137
32,KR,2004,211406116768.0,135964565544.0,22152.73068,454233599160.0,637652.210766
33,BR,2004,82349975295.0,165522588634.0,79960.8,830028702649.0,538057.176575
34,IN,2004,151040800197.0,248423608721.0,369934.774335,1657150944080.0,565261.643439
35,MX,2004,127820350383.0,96814069424.1,39085.218314,434288892406.0,628863.182208
36,RU,2004,154858945841.0,805443754531.0,66426.1,1722216450170.0,479721.065197
37,AU,2004,144559805947.0,176925093933.0,9465.0834852,533847859149.0,545331.150432
38,CH,2004,70438800106.5,16263525065.4,3937.7,41904935757.6,326017.107575
39,TR,2004,96739632443.1,47580501063.2,21216.9,263534443743.0,328696.324991
40,TW,2004,133436409634.0,106654386435.0,9447.6762521,231816046757.0,270590.28616
41,NO,2004,46129648688.4,43501913692.7,2342.2910998,79203100500.7,212645.970464
42,ID,2004,85418915315.4,145716716975.0,91221.6,532973649946.0,219841.608523
43,ZA,2004,34374289588.3,125403495960.0,11388.1,351006123737.0,183769.137894
44,WA,2004,657353580704.0,1134013161250.0,444073.0,2004972501050.0,960317.796224
45,WL,2004,210359090005.0,400591711456.0,102991.0,978777907416.0,742355.353373
46,WE,2004,119245345763.0,202690380686.0,151951.0,539800249000.0,141751.904098
47,WF,2004,181419889498.0,374180413703.0,284300.0,1303866031400.0,520798.766303
48,WM,2004,351976252087.0,689955932064.0,25283.1,1503265556230.0,851643.759562
0,AT,2005,52817479113.0,19467477686.7,3828.33,64472230818.2,253971.995593
1,BE,2005,95081073887.4,53254736171.0,4200.2,99755112196.6,309911.871233
2,BG,2005,13608518320.7,15038746769.6,2959.5,55451266891.7,24008.2196948
3,CY,2005,9068583333.67,2718533611.73,337.299879078,9749863914.74,15025.7296922
4,CZ,2005,33160761593.0,45183676484.6,4828.886,127367083512.0,110235.009983
5,DE,2005,426940434163.0,248121489833.0,38898.0,795492670311.0,2287382.02741
6,DK,2005,44890846204.8,28631775069.6,2855.56309064,67640136710.2,212576.856445
7,EE,2005,7319127670.71,7113862254.54,609.32397978,18738910992.5,11330.0273694
8,ES,2005,217547451776.0,86410817313.5,18483.4,347006267033.0,926980.931252
9,FI,2005,49815768357.6,24709993060.2,2460.69995915,80071659209.9,164620.214896
10,FR,2005,316684371002.0,107284049934.0,26192.0,352884977448.0,1765188.87699
11,GR,2005,63698976223.0,29960508100.7,4385.4,184196564838.0,199161.513567
12,HR,2005,20945197886.1,5960623720.97,1638.29980067,22412077681.5,36481.3666627
13,HU,2005,57933804499.4,14519469199.3,3993.2,53303111577.3,90813.3974185
14,IE,2005,51433880390.1,32277563846.0,1823.76657942,60186729337.3,170161.836704
15,IT,2005,328924578296.0,99518931078.4,23021.0,427103212611.0,1493029.58984
16,LT,2005,13405030754.5,5197641560.37,1446.9573062,17651702711.4,20989.8653286
17,LU,2005,7499290174.41,5749980785.74,180.987468831,8297547306.16,30018.861588
18,LV,2005,9433816621.89,3490107132.31,1072.14722561,10848989059.6,13631.4639012
19,MT,2005,3177352482.48,1049291519.12,152.499105811,2941647408.99,5138.74655275
20,NL,2005,144039821035.0,89751649204.7,8029.71887003,190672506657.0,550659.601805
21,PL,2005,85270369045.4,83442088864.3,14068.3,348030510666.0,246078.219825
22,PT,2005,41865485895.4,12447796049.9,5189.2,62676588378.3,158488.406521
23,RO,2005,34157709962.8,22864202496.1,9224.7,102814624620.0,79137.026355
24,SE,2005,61619489502.8,26227537233.2,4461.5,58074892981.3,315263.002325
25,SI,2005,12832511893.9,5263307193.76,965.499778839,15394558730.2,29100.8280157
26,SK,2005,41441739680.6,14904565211.6,2224.0,38993478998.2,39412.7703045
27,GB,2005,418735958167.0,149745063557.0,29394.3,528622310845.0,2035852.45463
28,US,2005,1800015165250.0,491487355848.0,141572.0,5036935934880.0,10478769.3915
29,JP,2005,553426100146.0,246402479570.0,65021.2,1100373539680.0,3822369.68696
30,CN,2005,467785940687.0,1579084277970.0,557997.3,6247204875180.0,1837441.68863
31,CA,2005,185977328633.0,220967236937.0,16208.255,573917492747.0,942977.353056
32,KR,2005,229109519696.0,139547185536.0,22587.0,477534985806.0,751467.809471
33,BR,2005,84952059420.3,163209331569.0,84364.7,857181574156.0,716689.837305
34,IN,2005,189302955683.0,271442618225.0,366990.5,1744728472130.0,662013.968339
35,MX,2005,146310028570.0,107649959428.0,40400.7,441051027153.0,705310.579829
36,RU,2005,177180540061.0,816972232847.0,62442.0,1716560874630.0,620123.320715
37,AU,2005,162163662934.0,151608017644.0,9623.3,505821478298.0,611638.54399
38,CH,2005,83898637674.5,18311064244.2,3458.6,45642218149.4,338037.801126
39,TR,2005,111964737720.0,49161687790.9,21842.8,274189719046.0,406972.65221
40,TW,2005,125878145799.0,116032612024.0,9672.1,240549664156.0,289592.732264
41,NO,2005,49428721615.9,43368120769.6,2355.27343232,78784231486.7,248279.305563
42,ID,2005,95844325582.2,166605419699.0,96948.9500596,530736808199.0,244652.240045
43,ZA,2005,35979809352.5,131664263064.0,11616.9999996,374948205952.0,207195.255908
44,WA,2005,773695992439.0,1188440916100.0,461459.0,2119121212920.0,1081920.08797
45,WL,2005,239268836517.0,419501092902.0,102080.106293,1019757936620.0,887457.718239
46,WE,2005,120650934497.0,175576245280.0,153299.946142,521324157682.0,171985.221362
47,WF,2005,205500549082.0,408300299520.0,292032.951165,1357672602260.0,625031.148027
48,WM,2005,394341683990.0,750387201368.0,26457.2,1611710346220.0,1034621.74104
0,AT,2006,54439989182.5,20353996915.8,3873.69467736,65742317799.8,267586.290085
1,BE,2006,98015109678.3,50978652248.7,4260.2,97936075782.0,324862.362643
2,BG,2006,16805353260.7,14755870692.1,3010.98884856,55417129807.1,27381.7463823
3,CY,2006,7987647383.95,2730349301.36,348.897806292,10323744999.4,16251.5488616
4,CZ,2006,54659044811.4,41887317596.2,4922.64,124595507005.0,124453.815647
5,DE,2006,459009577375.0,255300981794.0,39326.0,786654633459.0,2382959.09412
6,DK,2006,48591785235.0,29716716884.0,2695.3999993,64729731552.3,225299.41348
7,EE,2006,7808715653.57,7517185078.06,622.1,19313601043.4,13556.1368227
8,ES,2006,227293790954.0,89276767428.4,19692.5,359966430030.0,1002930.36156
9,FI,2006,50651737979.2,26504824045.2,2478.47344389,67554666394.0,172743.253265
10,FR,2006,317153422051.0,114964085984.0,26375.8924421,354020266638.0,1846507.55227
11,GR,2006,73595191059.8,32654728082.7,4423.77356667,188921695067.0,217667.837222
12,HR,2006,20635687184.7,7700542026.13,1629.5,23634522738.2,40170.1817672
13,HU,2006,56723195086.8,16168844840.8,3923.8,51833539184.7,92049.4238003
14,IE,2006,56338941335.6,35144124054.0,1933.98537092,63273124988.5,184749.687174
15,IT,2006,355720783556.0,102067519608.0,23175.2,427554788427.0,1551306.09052
16,LT,2006,14863669743.8,5222003859.59,1475.1738532,17239507790.4,24033.149386
17,LU,2006,7916049031.01,6229446325.82,186.3,8223757127.17,33778.3812161
18,LV,2006,10307423645.1,3429832411.45,1079.0,11430083745.3,17137.4144634
19,MT,2006,4154979875.75,1473841240.22,155.49885037,3177546694.29,5402.12690454
20,NL,2006,132637407992.0,81400048219.6,8048.6,186051541325.0,584026.198967
21,PL,2006,70720640416.6,81595849987.2,14508.0410227,345840747746.0,274471.671229
22,PT,2006,41903267226.5,15047605930.6,5184.3,66661771300.4,166112.623726
23,RO,2006,46452585248.8,20273005689.9,8790.7,101389982014.0,97183.5947057
24,SE,2006,65164427516.5,26899864998.5,4477.6,56426651391.3,336962.90064
25,SI,2006,13083425588.5,5544006563.95,973.8,15541917463.7,31442.1211193
26,SK,2006,43367209132.2,16027175001.4,2291.9,40458723809.1,45536.106557
27,GB,2006,439855739657.0,163790116703.0,29816.0,526439476280.0,2155209.54599
28,US,2006,1875444098920.0,516266239207.0,127070.0,5106551676470.0,11002396.4638
29,JP,2006,565058368644.0,252503944800.0,65234.8,1103100646280.0,3608136.96281
30,CN,2006,457704419576.0,1962349149470.0,571854.6,6961614700800.0,2191875.48421
31,CA,2006,201946321199.0,229994056927.0,14902.0499988,585378952010.0,1050759.71606
32,KR,2006,262168786876.0,133052511335.0,22885.2,476421459207.0,838815.61996
33,BR,2006,99036934715.4,165100709084.0,86981.6,869596647257.0,882149.340095
34,IN,2006,219475859769.0,298753298667.0,371989.6,1843646520740.0,747902.530606
35,MX,2006,158767747709.0,110084516729.0,40540.0,461830069709.0,776826.539433
36,RU,2006,205873353627.0,833125389526.0,68162.0,1758640297640.0,796131.836271
37,AU,2006,161650327704.0,166911254541.0,9968.5,546363452914.0,651667.716513
38,CH,2006,74338925970.0,18188862005.5,3466.7,45395963254.5,353445.816688
39,TR,2006,127473348394.0,52421449532.4,22321.8,287036237861.0,443673.141699
40,TW,2006,109389631704.0,127660616923.0,9619.2,247326524943.0,291964.008619
41,NO,2006,48475158184.2,41450018041.3,2366.2,78200096468.3,275230.62584
42,ID,2006,95803708196.4,165858182270.0,95355.3,552304581254.0,309149.279111
43,ZA,2006,41381105502.1,133555159088.0,12272.1,377266889099.0,216340.122495
44,WA,2006,835914991478.0,1124611334550.0,466145.0,2203226526460.0,1232951.94248
45,WL,2006,270576088503.0,424054567000.0,104141.0,1061302783770.0,1021810.35953
46,WE,2006,129245647341.0,160142806383.0,154651.0,511814149416.0,202676.876098
47,WF,2006,235842660056.0,419511633976.0,299341.0,1364188429440.0,742304.587688
48,WM,2006,464963416362.0,826136693716.0,27778.2,1722807773890.0,1207663.07841
0,AT,2007,52530024376.4,20404479362.9,3941.43,65057307999.2,283598.318703
1,BE,2007,91974293066.7,56963597649.5,4307.1,102023288100.0,343159.514503
2,BG,2007,26235327537.5,16710757428.2,3121.9,56786605535.8,32399.5292296
3,CY,2007,7737691723.7,2741062121.8,356.7,11554102494.4,17549.6720812
4,CZ,2007,53675812516.8,42019457149.3,4988.977,124780739285.0,138769.874695
5,DE,2007,451132817363.0,266708437834.0,39635.0,807643512031.0,2496208.34149
6,DK,2007,47892536527.1,31503681188.8,2915.3,75036121923.5,233070.646652
7,EE,2007,8032426094.79,5260706965.63,659.3,18872553420.3,16374.1549445
8,ES,2007,236719077608.0,88100836369.1,20445.2,349549585549.0,1074101.10756
9,FI,2007,49693018103.3,29162421560.1,2523.3,81789813487.5,186821.902682
10,FR,2007,320934698002.0,110577980248.0,26667.0,351946497552.0,1938764.58796
11,GR,2007,77565334113.3,30121378271.8,4510.4,188293785049.0,232383.502358
12,HR,2007,18025222845.2,7419119705.9,1633.49999987,24047947546.5,43904.6723309
13,HU,2007,50814162777.8,17137485891.5,4033.1,51749031854.9,102127.673186
14,IE,2007,55908443584.5,34640775140.8,2025.24085628,63287326568.7,196865.966761
15,IT,2007,337298341874.0,105959400862.0,23594.4,425612817850.0,1612680.91414
16,LT,2007,14922654218.5,4394072121.36,1468.99719473,17634553079.1,28961.1851933
17,LU,2007,6470364847.73,6347394609.73,192.2,8531611686.99,37129.166417
18,LV,2007,11760461468.1,3949402111.02,1136.55411977,12500373667.6,22624.2926672
19,MT,2007,4011120868.36,1280919269.22,152.094270634,2988373161.73,5786.47161524
20,NL,2007,132904175166.0,73458649175.6,8232.5,180648885519.0,618342.229123
21,PL,2007,77540841710.6,79261605465.7,14999.4999683,353781444985.0,313039.588057
22,PT,2007,41854587774.8,15147190473.0,5225.4,61857624345.3,175248.796531
23,RO,2007,51369196407.2,21750066487.7,9225.1,106499761380.0,127390.574928
24,SE,2007,69371440570.4,26096923417.9,4571.1,56409620185.6,358449.302976
25,SI,2007,13262631039.9,5274985139.49,985.9,16017070339.6,35026.5663545
26,SK,2007,38193083596.1,14846040150.7,2344.2,40049964252.0,56225.1075927
27,GB,2007,412884483880.0,144212254130.0,30071.1505433,527602196603.0,2257265.76878
28,US,2007,1791979244850.0,609576551494.0,146683.0,5062133726620.0,10544954.3962
29,JP,2007,515731556549.0,277821533991.0,65604.4,1098190553670.0,3294610.28532
30,CN,2007,489690516353.0,2176459902220.0,588671.8,7600355867670.0,2590534.29981
31,CA,2007,208361197937.0,227863203281.0,16725.35,584263316240.0,1071742.04916
32,KR,2007,275429110524.0,142395957199.0,23187.7923311,486351813034.0,855610.459622
33,BR,2007,120381019892.0,163359321833.0,89098.0,883694624560.0,1019419.37053
34,IN,2007,248199272376.0,296746700364.0,372912.8,1945743497440.0,864446.90873
35,MX,2007,162448826895.0,117840527102.0,41885.4,480066302038.0,768111.700121
36,RU,2007,217228018032.0,778452185924.0,68851.1,1819659856970.0,957626.476427
37,AU,2007,174159507954.0,156703892548.0,10218.3,541315997120.0,718817.508434
38,CH,2007,65492898305.3,17951055796.6,3527.8,44809107326.8,360125.081745
39,TR,2007,135392642341.0,49560556160.5,20488.3,315346481281.0,497133.290003
40,TW,2007,91290890609.0,137807126550.0,10110.5,257480806672.0,274940.776169
41,NO,2007,54235280209.5,43883541104.3,2440.0,81330919340.1,292549.711896
42,ID,2007,105225564525.0,170615011163.0,98016.8,584424582992.0,335784.421835
43,ZA,2007,36433467501.7,125951580420.0,12767.9,376931295880.0,218472.708481
44,WA,2007,741158512502.0,861931857700.0,467728.0,2265768079330.0,1343222.40005
45,WL,2007,300906548096.0,421446854742.0,105486.026383,1091911474270.0,1106810.90468
46,WE,2007,129003145393.0,149704177358.0,156000.0,522745285283.0,238871.855864
47,WF,2007,265683668138.0,392524666083.0,306807.0,1402216536530.0,800101.45404
48,WM,2007,504224197623.0,813322072931.0,31410.873592,1807499940700.0,1318335.03087
0,AT,2008,52567494731.5,21666137854.5,3919.37,64220916361.5,292568.824488
1,BE,2008,109836334926.0,53993772782.2,4378.6,100579778272.0,350314.529508
2,BG,2008,25964798581.1,19925034831.0,3235.9,60235813935.7,37012.6845576
3,CY,2008,6953674251.4,2388862856.43,377.687415655,12339396203.0,18932.3943529
4,CZ,2008,59655954083.1,42007213849.0,5093.09087341,128741747847.0,161012.338972
5,DE,2008,455421073256.0,270639973019.0,40325.0,817618487186.0,2536147.6778
6,DK,2008,48356286616.6,32490309142.1,2912.7,71694415599.7,240249.468971
7,EE,2008,7747870101.1,6963713112.58,664.185619816,21890787189.9,16550.7153802
8,ES,2008,228198327686.0,96694220826.6,21092.9,359535977953.0,1105034.70682
9,FI,2008,55540087874.7,37790388311.5,2570.6,79867142730.0,193476.01154
10,FR,2008,342211941962.0,117406876872.0,27042.0,352011329774.0,1984288.14183
11,GR,2008,82210581522.8,38557960818.9,4567.4,193559949974.0,241007.569397
12,HR,2008,19385770067.9,7676098241.52,1672.9,25165768034.9,47769.8202457
13,HU,2008,59590631968.0,17630843844.5,4026.59527255,51617808282.4,107517.198702
14,IE,2008,50855348526.4,33988529906.3,2100.75403299,62220172579.5,186857.481675
15,IT,2008,344954846092.0,100150529827.0,23798.8,419492600737.0,1631048.04269
16,LT,2008,18250093902.8,5407163581.86,1493.91409525,17867572342.3,32528.307852
17,LU,2008,8492671629.08,5845942256.47,194.799231535,7968639314.26,37973.7254656
18,LV,2008,12467959845.6,3958783468.5,1073.3,13078263871.1,24309.2942457
19,MT,2008,3758085079.39,1540028826.24,161.696210029,3163507110.87,6103.80887924
20,NL,2008,122819098963.0,74693733799.8,8462.39999486,183453993678.0,644569.468081
21,PL,2008,93500603809.5,71165006132.8,15647.9925668,354266613660.0,362795.657698
22,PT,2008,45644592561.7,14696115737.3,5237.49999981,57496052089.0,178375.372422
23,RO,2008,54986174740.7,24500910485.3,9282.7,103031250951.0,145714.695483
24,SE,2008,67527124507.7,27643516047.2,4680.39999976,54116257937.2,351989.539473
25,SI,2008,14171376138.5,5037719976.87,1005.89999444,15608805328.0,37771.6661564
26,SK,2008,43080089613.2,14566026293.4,2436.88417064,39190703524.3,65769.112779
27,GB,2008,404456646843.0,163764043603.0,30263.6,515137240752.0,1986410.96238
28,US,2008,1688679685840.0,675079153791.0,148290.0,5101978880370.0,10003294.1256
29,JP,2008,561577908621.0,288571893864.0,65825.0,1150887809480.0,3425284.7152
30,CN,2008,546228046100.0,2087289367130.0,602132.2,8150698851490.0,3123699.07658
31,CA,2008,219904114751.0,249542445320.0,17098.95,606960959582.0,1055841.99834
32,KR,2008,265751693954.0,167604284736.0,23348.4,505279638232.0,712088.007821
33,BR,2008,155026014649.0,159998662495.0,90573.3,897463428926.0,1153015.6322
34,IN,2008,269062928586.0,384804004592.0,373531.2,2080980687920.0,861755.589731
35,MX,2008,168143392642.0,118730497691.0,42599.1820413,482238336826.0,754682.758625
36,RU,2008,254165096197.0,810961195840.0,70556.1,1798299204700.0,1140268.67096
37,AU,2008,171401942260.0,162769234309.0,10512.2,521279402502.0,718663.643192
38,CH,2008,72248865857.7,16234209471.4,4079.6,41491513239.3,387754.598002
39,TR,2008,136971579480.0,69618882697.5,20815.3,338948814569.0,523830.09828
40,TW,2008,107596005999.0,134211305232.0,10086.4,259953382686.0,269219.15508
41,NO,2008,53942731646.0,47150994120.6,2520.60560526,83174649245.3,314284.742997
42,ID,2008,124781450196.0,176205050204.0,98831.4,607391000531.0,369359.445741
43,ZA,2008,36282520692.5,149176304698.0,13184.0,383234351873.0,194974.87101
44,WA,2008,815209621978.0,1113619649820.0,495106.0,2328531884200.0,1408821.02016
45,WL,2008,353273297965.0,409595116558.0,112925.0,1113804320640.0,1224378.08556
46,WE,2008,177836533112.0,169540851386.0,158700.0,535745415614.0,272084.12418
47,WF,2008,335976192128.0,423028039469.0,322316.0,1434070212660.0,915504.261504
48,WM,2008,620455211411.0,846599774208.0,34684.7,1877841668710.0,1531255.82886
0,AT,2009,49601244355.1,19610324207.7,4060.15115385,63377982232.1,286885.713701
1,BE,2009,99998529134.3,52315091085.4,4457.89999994,98639390940.7,345079.535087
2,BG,2009,18123758952.8,18379837725.8,3353.1,55714816011.8,37280.9399097
3,CY,2009,7321080469.44,4459574387.47,390.1,14513365290.6,18600.4005437
4,CZ,2009,46725358579.4,39002875462.1,5204.079,122071622340.0,148719.742476
5,DE,2009,415347845208.0,243763094488.0,40856.0,790788992684.0,2435895.02941
6,DK,2009,46492362432.7,26204949898.1,2847.9,70574676293.0,230315.02257
7,EE,2009,6296606722.38,5927437702.8,654.599872295,20112212273.3,14161.7908241
8,ES,2009,181731541151.0,85943270325.4,20467.7,327122307302.0,1065022.95042
9,FI,2009,40276053283.4,23035425435.5,2352.8,71053821649.7,181016.144019
10,FR,2009,302405521103.0,104310336196.0,27167.0,343806730803.0,1928635.10062
11,GR,2009,62052519213.1,41341404473.2,4558.0,182063482275.0,236578.989517
12,HR,2009,16415373215.8,8014866350.48,1633.8,23903738347.9,44880.4040642
13,HU,2009,43673140401.9,17821878267.9,3809.3,49027484927.2,93748.4473888
14,IE,2009,46545156014.5,33193427284.3,2092.2,63528861056.7,169102.993581
15,IT,2009,348410507801.0,88727459766.5,23368.3465049,405884363647.0,1570913.30888
16,LT,2009,12467883750.0,6021219645.49,1425.48503409,17400597602.1,26804.4036944
17,LU,2009,8762855764.13,5221639774.36,191.399697722,7580508667.09,36827.8239893
18,LV,2009,10639104097.6,4903098676.34,1054.59999899,13044166914.5,18869.9050624
19,MT,2009,5492100271.65,1512421962.17,158.399998464,2927418358.63,6113.91495691
20,NL,2009,134293805222.0,79525223792.6,8104.2,183674719280.0,622329.33397
21,PL,2009,78331645032.6,71645242039.0,15791.8,341643375568.0,315265.010121
22,PT,2009,39114565365.3,13255972000.6,5195.5,55412751050.0,174711.037999
23,RO,2009,33890367935.2,19881553825.8,9182.89627301,98662312411.8,124822.389256
24,SE,2009,56057480350.9,26549670623.6,4572.19999993,52664340097.3,312973.846515
25,SI,2009,11733869819.2,5380661631.59,991.399999605,15915093802.3,36109.135806
26,SK,2009,34065004134.9,14337222000.4,2381.6,38230864522.6,63837.7728285
27,GB,2009,345237386117.0,166040067193.0,29238.8792816,505119379552.0,1729507.7333
28,US,2009,1470269734230.0,540544493901.0,147644.0,4934338542960.0,10359142.5294
29,JP,2009,461085469200.0,228192379926.0,65521.8,1072113877880.0,3750633.2698
30,CN,2009,679211246769.0,1736016686640.0,586445.2,8377911348290.0,3657650.16162
31,CA,2009,178808363782.0,229629318548.0,17377.5093057,584489069764.0,985535.182695
32,KR,2009,220088102211.0,180674841460.0,23678.7,526469174385.0,676757.869385
33,BR,2009,132692959422.0,150359662352.0,91527.8,908033584243.0,1195150.77024
34,IN,2009,310508457795.0,335916949437.0,373847.8,2153349707730.0,942952.559341
35,MX,2009,123235416186.0,118668849691.0,43529.6999996,490208057214.0,645287.507699
36,RU,2009,197600900837.0,772080431758.0,67062.9,1776455654860.0,885155.685042
37,AU,2009,164995642888.0,156533788176.0,10740.3,531697121422.0,727585.113765
38,CH,2009,70570032201.2,16689735339.1,3414.1,42949843878.2,400185.316188
39,TR,2009,114410276259.0,73294904789.5,21487.5,339512922708.0,465507.183009
40,TW,2009,93581683695.1,143597314700.0,10046.6,250262318454.0,256301.015907
41,NO,2009,48854444868.9,41792450660.1,2447.19999507,80216506810.5,276877.214075
42,ID,2009,112146620394.0,159376001221.0,104641.3,620931587173.0,411890.690935
43,ZA,2009,34661798047.7,140596237707.0,13710.0,414693517066.0,212171.905477
44,WA,2009,808254215545.0,1192019727320.0,497754.0,2438589224520.0,1450095.33287
45,WL,2009,340740739624.0,405748183207.0,114711.353793,1155937745790.0,1265968.57879
46,WE,2009,151818427219.0,164958806449.0,159300.0,527257969320.0,217842.786159
47,WF,2009,386896039786.0,368607318370.0,328615.0,1435668237820.0,865785.898262
48,WM,2009,627299713404.0,847609622388.0,35387.0035889,2001569150500.0,1477228.97979
0,AT,2010,49252574865.7,19835943178.6,4072.62,58638594182.6,295611.938255
1,BE,2010,96454648840.1,45095753173.0,4448.89913876,85593543157.8,362790.698871
2,BG,2010,14149569042.2,17935803177.7,3209.19921272,48795829145.1,37990.1617226
3,CY,2010,7419377356.23,4975272816.32,389.698284388,14001965602.1,19391.3243541
4,CZ,2010,44580237541.4,39594555392.1,5110.1,114964012472.0,157705.318672
5,DE,2010,416962318942.0,246611768791.0,40892.0,747632562957.0,2561932.621
6,DK,2010,39440857555.7,30648307033.4,2732.4,69077392985.0,242887.04107
7,EE,2010,5450108393.95,6547868755.94,593.0,17869988032.8,14855.2525376
8,ES,2010,169440876650.0,84683946010.5,19104.8,290823459166.0,1071676.87566
9,FI,2010,41873596992.4,24809590656.6,2446.23058829,67423630267.1,187961.975165
10,FR,2010,280348527920.0,99632316422.2,26858.0,332583353470.0,1993369.20037
11,GR,2010,55365467792.6,38236819685.0,4487.84611197,173129272812.0,223908.386433
12,HR,2010,12595154177.2,8237534995.25,1604.7,21937128069.1,45114.1621736
13,HU,2010,35888385893.5,17779604024.1,3782.0,43918369151.6,99507.064986
14,IE,2010,42449277340.2,36949476785.1,1869.8,60618479898.2,167512.380024
15,IT,2010,328589381127.0,84381793670.1,23001.8,365742845265.0,1609729.08143
16,LT,2010,11904203442.5,6366688288.29,1317.3,16304209302.7,28014.2300166
17,LU,2010,8031030072.59,4883473033.18,199.361360181,7365535475.28,40139.1542674
18,LV,2010,8351268548.51,5126716525.37,908.195670367,11949730364.2,18011.2888895
19,MT,2010,5345571530.2,1193564957.48,159.1,2863610382.68,6593.15018418
20,NL,2010,117157496252.0,78686601040.8,7901.02888834,179925104231.0,638571.995875
21,PL,2010,78197655018.7,74155375180.3,15858.7,333992541076.0,361947.785336
22,PT,2010,37617173419.3,14286267502.0,5051.6,56849408658.1,179437.96358
23,RO,2010,33653731011.4,17158563069.7,9069.4,85747509303.0,125386.724108
24,SE,2010,60106143678.7,23347354075.8,4483.9,49199064099.8,374000.57241
25,SI,2010,10174077728.4,4420693752.84,975.1,14285082652.2,36328.9208759
26,SK,2010,32290626699.4,12808930882.2,2360.2,34231137626.8,68123.043184
27,GB,2010,332592937490.0,133012443914.0,28687.2623482,462941252310.0,1871901.26348
28,US,2010,1464945801810.0,561146446954.0,142184.0,4615123017870.0,11308781.7757
29,JP,2010,481851218579.0,235413716983.0,63020.0,985769589541.0,4299689.30734
30,CN,2010,740120428713.0,1956860845660.0,565957.4,8941712607340.0,4591681.65783
31,CA,2010,194188089276.0,218510642898.0,15836.85,557625195319.0,1219934.17403
32,KR,2010,243265234253.0,184362196549.0,23470.9844854,541820234721.0,862990.855638
33,BR,2010,163316448724.0,140584640359.0,92483.0,904822032558.0,1666167.38975
34,IN,2010,314939454161.0,379810617575.0,374535.0,2307081632730.0,1259425.0372
35,MX,2010,137043747264.0,124478959861.0,44550.9300932,475655607414.0,797918.532076
36,RU,2010,223548362000.0,719284788759.0,69253.1,1678578999700.0,1161533.59137
37,AU,2010,173832115527.0,151488745334.0,10920.6,519473106430.0,980209.003884
38,CH,2010,73719169126.3,17362498131.3,4030.8,40557395138.8,455181.785776
39,TR,2010,136025485747.0,66510776215.9,21265.2,336715870057.0,586080.906412
40,TW,2010,103459833105.0,115225643612.0,10276.6,232871621995.0,312931.842857
41,NO,2010,46094792109.1,38734953074.5,2497.8,76751184957.9,323419.354656
42,ID,2010,131602564893.0,180175696899.0,107068.6,650151854553.0,569581.472124
43,ZA,2010,38222625801.8,142343991483.0,13303.1,408454962623.0,283132.169358
44,WA,2010,938964136418.0,1131322389800.0,533626.0,2368533522440.0,1796304.71378
45,WL,2010,352572620608.0,402338536379.0,116412.0,1135254072000.0,1583402.52117
46,WE,2010,157183426795.0,165549895086.0,159900.0,474029799379.0,242687.114275
47,WF,2010,364471744706.0,405953132483.0,335848.0,1486840583640.0,1043950.13229
48,WM,2010,599127778550.0,935315212610.0,36984.8,2060170990410.0,1805212.79448
0,AT,2011,52522977070.7,20940815982.2,4110.59,63379998555.7,309712.866443
1,BE,2011,108071351678.0,47140991336.1,4479.0,92235402390.4,375463.735046
2,BG,2011,15441150836.0,22153590168.9,3044.2,51678106237.4,41210.7018628
3,CY,2011,5964269948.45,4447761162.24,401.7,13286050850.4,19776.4498585
4,CZ,2011,46243803278.3,38308808575.2,5057.241,116333104462.0,164915.756752
5,DE,2011,467727090236.0,275269288585.0,41020.0,782578775108.0,2689948.70882
6,DK,2011,43003243520.5,34164149270.0,2703.1,71579685503.7,247128.742597
7,EE,2011,6469001163.56,8769428729.5,566.847449917,21397005727.7,16804.260062
8,ES,2011,173846120383.0,98231929674.1,18721.9,286745357631.0,1062336.79901
9,FI,2011,47581073084.1,26567502245.3,2435.0,74632756124.4,197732.541488
10,FR,2011,317878994353.0,105296547862.0,26875.0,343836152786.0,2055609.31772
11,GR,2011,51867271277.6,38999732384.4,4387.3,172267367460.0,203035.643005
12,HR,2011,12073308541.3,8218249563.88,1539.7,21057861492.7,44794.9634918
13,HU,2011,33402141740.8,17668441839.9,3780.3,45264581728.6,101838.88108
14,IE,2011,43508275028.8,36383753566.6,1872.5,61237103026.8,170721.653956
15,IT,2011,337007916780.0,90509786115.6,22859.4,369416251928.0,1646545.2915
16,LT,2011,13192551207.5,6289228688.83,1247.6,17352664903.4,31309.0868316
17,LU,2011,8866185367.12,5683903243.29,197.1,8217033806.84,43106.7745937
18,LV,2011,10582923079.4,5784636348.74,850.4,13022036073.2,20560.34368
19,MT,2011,3945774532.57,1374226719.12,162.292948061,2976049365.81,6830.33019276
20,NL,2011,116985145980.0,83372339814.6,7566.67469934,187196973562.0,649487.05517
21,PL,2011,90025112238.3,81128810571.9,15461.4,346973476388.0,379520.65365
22,PT,2011,36529259461.5,14622586474.0,4974.19999951,48852799075.6,175860.076557
23,RO,2011,37168512491.1,18789640083.5,8563.9,84193842283.4,131783.514939
24,SE,2011,65013575019.4,25813121201.0,4511.2,55255987724.5,412423.931733
25,SI,2011,12281448805.9,5125739371.65,962.199925049,14418309761.9,37008.8840911
26,SK,2011,31287078944.3,12883604390.9,2311.2,35923876424.1,71208.9101108
27,GB,2011,343489429683.0,146054808141.0,28690.7,475449696486.0,1910834.79952
28,US,2011,1518780818750.0,683949189582.0,141382.0,4829327888260.0,11165647.9885
29,JP,2011,557191230231.0,249575257711.0,62760.0,1049167200330.0,4423462.3526
30,CN,2011,934541787788.0,2146250279670.0,600768.1,9684005144380.0,5424960.93621
31,CA,2011,210303298859.0,235588021524.0,17384.845,576517230057.0,1287954.53889
32,KR,2011,277853600888.0,217217527442.0,23815.6,592808757406.0,900303.891128
33,BR,2011,193684520314.0,147327902077.0,92920.9496117,949666280151.0,1879422.84967
34,IN,2011,371607944546.0,414669314584.0,374285.6,2409107368190.0,1344768.68573
35,MX,2011,159596247779.0,131751409233.0,45579.1,499187183610.0,848051.168396
36,RU,2011,264406847823.0,816805854112.0,69779.8,1792509109060.0,1473892.8445
37,AU,2011,204962128579.0,195873299791.0,11214.6,621258025898.0,1111127.10355
38,CH,2011,95693680911.7,17749681171.1,3550.4,41501187457.0,518705.633717
39,TR,2011,157179189519.0,79362402129.5,22589.1,348071537664.0,602575.800372
40,TW,2011,108120312983.0,152399482362.0,10106.9,253133062717.0,325034.834763
41,NO,2011,51060405004.6,40090237057.0,2499.0,79441719723.9,357962.240269
42,ID,2011,150677324743.0,184616410299.0,109587.9,674660704566.0,641500.793484
43,ZA,2011,46232108658.0,157077584604.0,13252.6,410800197233.0,299150.166797
44,WA,2011,1037335751400.0,1255628375690.0,532475.0,2489353073840.0,1985636.57708
45,WL,2011,395235706014.0,442447858984.0,122300.0,1179248262660.0,1651811.40111
46,WE,2011,195464294284.0,191501116933.0,161100.0,505996294985.0,265916.540879
47,WF,2011,396002888822.0,432989155420.0,349548.0,1526171829870.0,1119492.45219
48,WM,2011,629028556481.0,1014069847630.0,38410.9,2169668426190.0,2089315.00471
0,AT,2012,55171984690.4,22568662276.2,4179.56,62950919558.2,318668.457468
1,BE,2012,107386055038.0,46404391031.6,4518.1,86445170459.0,386193.384385
2,BG,2012,16655685600.2,23382742022.0,2958.3,55942139684.5,42039.2459979
3,CY,2012,5619769359.42,5168476624.94,399.2623806,13101381600.1,19441.740609
4,CZ,2012,45750238956.9,40065971048.1,4917.662,114043403769.0,162560.491377
5,DE,2012,427434135267.0,275081381401.0,41570.0,779328753034.0,2745442.82701
6,DK,2012,44008286263.5,33106349810.5,2698.2,67635917905.8,254630.21479
7,EE,2012,8012132529.41,8916849298.19,602.513094147,21015476795.6,18051.6103532
8,ES,2012,155469772062.0,107624901265.0,18417.1,299071093611.0,1031148.88792
9,FI,2012,40225791441.9,25814331237.6,2462.5,68015423988.0,201046.726823
10,FR,2012,318537993586.0,107848506370.0,27061.0,334049006452.0,2088905.06312
11,GR,2012,48232264468.8,40580274935.8,4088.69590213,172393936234.0,188397.830858
12,HR,2012,11756608753.6,8422207417.81,1490.9,20896863053.2,43971.448707
13,HU,2012,32217598277.1,19500152504.1,3810.2,45839124810.7,99996.4962487
14,IE,2012,42794519808.4,37385284043.3,1842.59999931,61122049435.6,175112.372095
15,IT,2012,296176259906.0,101466495032.0,22951.4,368796307884.0,1624437.29175
16,LT,2012,14846781582.3,7418941474.57,1251.68531944,17118922831.0,33424.2233482
17,LU,2012,10877886586.7,5979259096.22,204.4,8024837982.78,44114.2292863
18,LV,2012,10527858507.3,6532788618.89,796.042896327,12360961710.9,22050.6161608
19,MT,2012,4215283724.84,1832987810.99,165.997958544,2927194906.48,7171.24695142
20,NL,2012,110788015474.0,82508913566.0,7470.0,183080312190.0,652997.592614
21,PL,2012,85730202283.5,86469196963.5,15556.1,350467651633.0,388011.511332
22,PT,2012,32924562763.5,17285849997.4,4835.2,50384377685.0,168303.711686
23,RO,2012,34579823472.0,22932839229.4,8440.3,90747957716.0,133247.407346
24,SE,2012,65248393726.1,24943707413.2,4603.7,51194433678.2,430015.354361
25,SI,2012,12269560088.2,6281972797.16,931.5,15174122243.8,36255.026051
26,SK,2012,29734060476.0,14997763679.4,2313.8,35111805132.5,73579.3358348
27,GB,2012,351204345656.0,138704439618.0,28819.0,453328287868.0,2104621.17439
28,US,2012,1537705699910.0,726512248685.0,122895.0,4755285181580.0,12606636.8306
29,JP,2012,595988525493.0,254138762121.0,62505.0,1111579758840.0,4828154.67103
30,CN,2012,1026004632420.0,2251802609810.0,627379.5,10456343095600.0,6640867.33569
31,CA,2012,230606613992.0,245513704908.0,17682.525,590291034133.0,1423322.94995
32,KR,2012,270689467202.0,224092344989.0,24231.6,618305794666.0,995040.165583
33,BR,2012,195943420633.0,172181921032.0,93359.2,962502129201.0,1918764.23869
34,IN,2012,371919494275.0,427560262894.0,377183.1,2504018917660.0,1448378.91934
35,MX,2012,162106270679.0,147334160747.0,46603.8,519474427314.0,934848.838051
36,RU,2012,293569707017.0,794574413277.0,64318.5,1918344268040.0,1720310.34356
37,AU,2012,211614719816.0,192223804706.0,11394.5858311,618634148570.0,1238097.4152
38,CH,2012,89454231475.2,18252591256.7,4171.7,40192966433.5,538690.608645
39,TR,2012,152226335483.0,79252461752.3,24094.2,370522219228.0,685364.191159
40,TW,2012,112385087926.0,146191801978.0,10708.4,252973946282.0,358179.26824
41,NO,2012,51633959937.2,42226473604.2,2532.8,78992513040.4,396564.692673
42,ID,2012,167569279747.0,183828754511.0,104269.4,693613138343.0,714406.844151
43,ZA,2012,47933700183.0,149792134439.0,13202.4,396720485127.0,308475.552398
44,WA,2012,1189642244500.0,1325387278500.0,528534.0,2559496588790.0,2317868.59074
45,WL,2012,461418721300.0,439040126337.0,125737.0,1212032677570.0,1981470.57936
46,WE,2012,201447470657.0,206184650262.0,163900.0,525580787868.0,294586.68638
47,WF,2012,398810357773.0,478295981473.0,359598.0,1558999438150.0,1294833.87026
48,WM,2012,709510204170.0,1072963891080.0,38705.8,2240342433990.0,2436370.43925
0,AT,2013,54671585688.1,21859044906.2,4202.99,61413223317.6,323822.538191
1,BE,2013,107415035390.0,45664872436.0,4555.7,85493807824.8,392773.67247
2,BG,2013,16449543696.3,24268487755.9,2927.0,51617030225.4,41858.7444148
3,CY,2013,5071911059.64,5528201151.81,391.7,12531170074.7,17990.1299025
4,CZ,2013,45561418679.9,39470169524.3,5064.632,110823258574.0,159389.817478
5,DE,2013,457017245545.0,275695199916.0,42033.0,783325382051.0,2810589.14707
6,DK,2013,43656961578.2,30974983441.2,2683.5,63012360533.0,258703.701223
7,EE,2013,7099632822.33,8457748753.07,613.832100892,19583409073.7,19028.2408761
8,ES,2013,151496133292.0,110079192680.0,17627.4,294432732525.0,1020071.85695
9,FI,2013,47469901211.1,23675039750.8,2471.3,62849366540.4,204265.703352
10,FR,2013,317223511585.0,115442049997.0,27096.0,342867529697.0,2116616.01213
11,GR,2013,47299002922.4,41309272311.3,3761.3,163278849588.0,179567.841295
12,HR,2013,11215558333.8,7916352453.16,1443.5,19377505565.3,43714.4387599
13,HU,2013,32373870019.1,19044023613.0,3875.7,43737444151.1,101958.963154
14,IE,2013,45205621584.0,38079102793.1,1751.95871535,65028703172.0,179567.669342
15,IT,2013,290633282238.0,95061056156.9,22885.9,352014574431.0,1612314.8312
16,LT,2013,14264409362.4,8097109849.72,1275.9,18215858792.6,35023.3199171
17,LU,2013,13809409818.0,6526448747.93,216.4,8302100866.15,46486.9755382
18,LV,2013,10201722794.9,6460609555.12,853.3,12400323654.2,22914.5377858
19,MT,2013,4668799971.6,2084313944.59,169.403458857,3066282836.47,7649.42922752
20,NL,2013,119442162376.0,86996424010.3,7578.7,181164754669.0,660284.254838
21,PL,2013,81586380453.8,94239954985.8,15582.6991015,351152553259.0,392299.913632
22,PT,2013,34056436970.7,17997224101.8,4632.5,51079887294.7,170446.127629
23,RO,2013,30599817139.2,25860336442.6,8697.1,90028413750.8,143775.401461
24,SE,2013,66182264821.5,23599657703.6,4631.3,49001765000.3,441865.689178
25,SI,2013,11804501080.7,6321555296.57,918.899996576,14927249152.2,36444.4671398
26,SK,2013,31563006163.2,14574128317.0,2319.0,34223182260.6,74428.6134739
27,GB,2013,346669480795.0,157839155237.0,29100.8,478014531275.0,2095663.79806
28,US,2013,1539476972950.0,646487658641.0,144753.0,4602412416700.0,12638243.3552
29,JP,2013,525794188516.0,287885025591.0,62040.0,1139474060080.0,3882024.7393
30,CN,2013,1174496558130.0,2308982795240.0,635610.6,10724388543500.0,7206136.66164
31,CA,2013,213833850294.0,254901947129.0,17850.79,592571218494.0,1390864.07652
32,KR,2013,260340669391.0,228008820895.0,24671.4,618848895501.0,1032147.56352
33,BR,2013,209718448462.0,186570386638.0,94636.7995119,1015400837410.0,1861922.56777
34,IN,2013,349383165211.0,502568634912.0,379204.1,2661633999000.0,1443455.83594
35,MX,2013,148179905236.0,147327449714.0,48646.8,529427630270.0,959599.364695
36,RU,2013,305497900752.0,790739179376.0,71516.3,1891545891130.0,1729632.47538
37,AU,2013,203291167447.0,174873256046.0,11545.6,540511394536.0,1161973.00467
38,CH,2013,95280069295.4,18494756541.5,4239.0,41533393452.3,536667.513156
39,TR,2013,165133348704.0,87054926150.3,24814.0,394703765147.0,721179.879511
40,TW,2013,108426320557.0,145008456086.0,10857.9,245701316388.0,352653.808455
41,NO,2013,55792552338.7,39211170446.4,2581.0,77100068878.5,393616.092098
42,ID,2013,172203180116.0,200187600975.0,113009.8,729033253181.0,687089.930516
43,ZA,2013,49042476731.1,151025050716.0,13475.2,408540739101.0,276067.232441
44,WA,2013,1380842876300.0,1473576763250.0,528691.0,2683700986800.0,2401201.37488
45,WL,2013,471937247872.0,439514322483.0,125412.0,1255760957270.0,1990432.61438
46,WE,2013,184286872940.0,191287233884.0,163562.0,516393484376.0,307594.027682
47,WF,2013,425283948454.0,482455217708.0,368903.0,1683143850130.0,1323468.52946
48,WM,2013,747135577041.0,1120803535890.0,39168.972053,2338675473630.0,2371178.26021
0,AT,2014,52567599340.4,21444856402.0,4186.68583982,59699191831.3,332703.147713
1,BE,2014,102947378596.0,46970703969.2,4542.38256943,85992225514.7,402467.501564
2,BG,2014,16818939583.6,23261274155.0,2786.21913358,47567004317.6,42818.0910705
3,CY,2014,5305929865.18,6297549820.09,361.522949056,12162172805.9,17385.3551596
4,CZ,2014,43126376598.8,40221935793.5,4751.65711106,107198614051.0,157590.390784
5,DE,2014,455755058931.0,282990612677.0,42770.8912337,794797826380.0,2923537.94151
6,DK,2014,39962867291.1,29832442654.3,2745.86968469,65012191561.2,265708.417931
7,EE,2014,7442520460.9,9312701794.85,639.18116794,21814507605.1,20153.1604254
8,ES,2014,152675590872.0,100638327051.0,16990.1775094,265610153649.0,1030785.73173
9,FI,2014,37531186359.4,22940081614.6,2388.28329821,63922350127.3,206621.92759
10,FR,2014,316073567516.0,112449650118.0,25943.8779532,341969883964.0,2146906.85783
11,GR,2014,42803492676.2,42952663158.2,3519.77577139,158008014120.0,177113.645486
12,HR,2014,10032666565.9,7880609345.05,1447.92222996,19032137677.7,43389.7036843
13,HU,2014,33705337346.1,19726864392.2,3795.38619703,42362289297.3,105957.861408
14,IE,2014,47730355972.3,43130002929.0,1884.09440692,64881732796.7,194888.657901
15,IT,2014,292976443993.0,87125962200.5,22198.8156989,326595695072.0,1625241.94185
16,LT,2014,13873050722.3,7188126652.83,1297.53581777,17202097101.1,36563.4414316
17,LU,2014,15116968654.9,6698098982.47,226.68259594,8151433140.51,49758.2636332
18,LV,2014,9495733842.71,6990558999.24,922.343554213,12321704203.6,23582.5149815
19,MT,2014,3805478312.9,1220689634.15,186.859470651,2744708382.57,8514.8642997
20,NL,2014,118379474220.0,91424222449.6,7321.95225812,179705166580.0,670667.151733
21,PL,2014,83419550973.0,94633211968.6,15458.2039102,348873073498.0,408332.654061
22,PT,2014,32443191950.3,17205682879.3,4610.43385975,48827249386.3,172823.613735
23,RO,2014,29653689338.2,23415212722.4,9810.96863605,80397974363.6,150265.93641
24,SE,2014,64616564217.0,23423952929.7,4623.71811948,48258319848.7,438060.983995
25,SI,2014,10969396367.8,5946788973.16,905.65279208,14274625063.0,37584.2566906
26,SK,2014,31632635576.3,14227983023.5,2284.30701726,34833355773.4,76168.3972521
27,GB,2014,353660720681.0,128583925163.0,28906.6955661,448314939948.0,2307505.53963
28,US,2014,1562794049560.0,632208505943.0,141957.010987,4621492313210.0,13193269.1005
29,JP,2014,542964328075.0,286189709598.0,48160.5369017,1163974208060.0,3651045.19085
30,CN,2014,1182397733190.0,2435220374420.0,667070.706512,11138500512500.0,7885302.75444
31,CA,2014,207419954542.0,275052490637.0,16651.1965604,603371719738.0,1357571.78315
32,KR,2014,267560458474.0,197683387624.0,23426.1433801,614360503512.0,1117288.80139
33,BR,2014,202144541376.0,192857683945.0,91576.0604108,1049171910900.0,1848734.48706
34,IN,2014,345040159277.0,442685986555.0,373496.426914,2721167277670.0,1537778.91587
35,MX,2014,149040491649.0,134575690518.0,50842.4797716,527876746714.0,989513.67121
36,RU,2014,274611270057.0,732219438542.0,72949.1099929,1796178541700.0,1553378.56597
37,AU,2014,196975552126.0,197174370151.0,10416.1076929,558423528620.0,1102329.33733
38,CH,2014,77448470250.3,18180184545.3,4265.3365331,41595631593.9,552801.348165
39,TR,2014,150237236000.0,86745797581.0,25171.8979824,385824897853.0,706762.837943
40,TW,2014,102090318783.0,149642193183.0,10757.8230398,244964623247.0,362662.800495
41,NO,2014,49886322560.3,38780490432.2,2562.07401266,76255703496.5,375167.519948
42,ID,2014,164480775209.0,202051397349.0,111078.885888,735880024609.0,670541.780588
43,ZA,2014,42894150814.5,172327518763.0,11648.2707164,420131960804.0,263934.997127
44,WA,2014,1256176189630.0,1401594047450.0,522242.446307,2732396089360.0,2505607.65565
45,WL,2014,447753682426.0,419216886606.0,122161.057782,1262345211360.0,1963355.48858
46,WE,2014,140958990239.0,193965964890.0,167823.121288,502536642204.0,275017.016601
47,WF,2014,458718313366.0,381170855683.0,385499.526108,1688308843880.0,1382952.03346
48,WM,2014,728049393262.0,1066486480810.0,36800.1725746,2387426523240.0,2349512.66874
0,AT,2015,50356627872.1,20535884510.3,4225.65693377,56914096641.5,344134.804771
1,BE,2015,106919280438.0,50982821447.3,4449.21288308,88786403336.5,416538.692514
2,BG,2015,17903411211.5,24054015939.0,2972.36854141,49299300208.9,45633.7953919
3,CY,2015,5547048001.66,6479749011.82,361.97881901,12479496623.5,17819.939212
4,CZ,2015,45596182764.7,38752066842.7,4593.51228767,107178759418.0,169475.484867
5,DE,2015,429281835191.0,285234571774.0,44554.0001207,771499726493.0,3024998.38136
6,DK,2015,42531084916.9,31846440555.7,2891.22404116,61579833637.4,272801.296078
7,EE,2015,7775399324.41,8615796015.64,614.157222986,21242272993.7,20774.1002637
8,ES,2015,150705454011.0,97067409318.3,16868.9490068,259370836354.0,1077169.23837
9,FI,2015,34592174528.3,21778283348.6,2404.31189423,59756714650.4,211302.461468
10,FR,2015,305271729713.0,112374668323.0,26056.9303138,324781089622.0,2197573.58833
11,GR,2015,40287845207.0,47496008123.7,3314.70490651,156069437780.0,176041.469044
12,HR,2015,9949164050.88,8489318703.53,1435.43325183,18768916185.9,44642.2940957
13,HU,2015,31227687978.8,20151066251.8,3804.23705475,42391414635.1,112730.316378
14,IE,2015,52551421587.3,50311139011.6,1964.31796522,66269802704.2,262750.664876
15,IT,2015,292705629213.0,87620259190.8,22264.1566822,311727709091.0,1654708.64112
16,LT,2015,12947874176.7,7717289670.2,1332.03657314,17275710931.9,37331.1157964
17,LU,2015,16435823482.8,7265749037.23,259.513946753,8214279483.74,52045.4781025
18,LV,2015,10598887032.4,7077212734.02,870.945717114,12113433466.4,24551.2888261
19,MT,2015,6034377431.86,1449915253.21,211.435818354,2738982207.1,9652.82943164
20,NL,2015,151461642209.0,95891843092.5,7381.71934975,178025368880.0,689738.575738
21,PL,2015,80338354795.9,95859096956.9,15515.4079023,349937735245.0,430655.170252
22,PT,2015,32378207799.8,17401212251.2,4595.73038623,48067913884.0,179642.987226
23,RO,2015,30111260391.2,22202433676.7,9801.83633718,78913503027.9,160337.928958
24,SE,2015,61943994983.4,23101850217.8,4377.68938885,47192920077.2,455253.52082
25,SI,2015,11270537831.6,5311835977.61,889.723758864,12558860639.3,38837.4703873
26,SK,2015,35037090074.1,14199773212.8,2310.11385759,32546125593.1,79736.4175248
27,GB,2015,357622524671.0,118284740598.0,31543.3473056,419475180123.0,2643339.11838
28,US,2015,1725273906680.0,573361942965.0,146065.526663,4616016336000.0,16438306.4443
29,JP,2015,473669897838.0,273786988318.0,48056.9749286,1126150734200.0,3956264.64406
30,CN,2015,1260592189170.0,2328187133850.0,718123.940625,11156481838700.0,9969871.93295
31,CA,2015,190707255088.0,287854884531.0,15495.6516994,603325152382.0,1402549.56523
32,KR,2015,262717329240.0,205477765006.0,28325.4083366,615459879374.0,1321111.53288
33,BR,2015,155353248419.0,241473746825.0,90025.0364233,1066221488420.0,1624346.10145
34,IN,2015,402448506740.0,430234172786.0,393621.787498,2868098514740.0,1934888.33534
35,MX,2015,148262653960.0,199874597596.0,57779.5572108,520375205866.0,1055040.18202
36,RU,2015,192455650856.0,721217300877.0,63595.777885,1729810970640.0,1231554.76078
37,AU,2015,180359392406.0,209038487983.0,9643.32305075,543790424030.0,1124501.48652
38,CH,2015,80046166529.9,16735186248.0,4100.85795665,38382897261.5,632852.258469
39,TR,2015,158908391224.0,85998127150.6,23919.351607,409686166939.0,779012.131926
40,TW,2015,104600396869.0,155259717997.0,10863.0052572,247330037858.0,419653.433235
41,NO,2015,47692336776.1,39423203015.6,2433.10787443,77442896230.7,347725.597176
42,ID,2015,156399555069.0,220674749298.0,104771.020362,777980717733.0,775893.855537
43,ZA,2015,41385897094.4,162667516229.0,11297.1698867,433264248838.0,286088.90385
44,WA,2015,1138486710180.0,1415069773920.0,512581.915296,2775299966080.0,2924916.0648
45,WL,2015,572965385489.0,404039336434.0,118586.208193,1275768726710.0,2317938.26414
46,WE,2015,114448338133.0,192841532615.0,143395.651778,466291595657.0,253676.105958
47,WF,2015,401875603202.0,337856921337.0,392785.805811,1761839409130.0,1454533.04771
48,WM,2015,702452489830.0,1111858315660.0,34861.932407,2465727974800.0,2484226.23283
0,AT,2016,51635538614.9,20551366393.2,4336.0831681,57798600646.7,357366.197797
1,BE,2016,112866151624.0,47344570134.7,4563.29202606,85279280739.5,429794.551237
2,BG,2016,19484905274.6,25757585972.3,3132.69655915,48411318591.6,48589.5747981
3,CY,2016,6078089498.7,6861501560.76,380.003190205,13495429952.3,18860.1414325
4,CZ,2016,41296403805.0,45164371297.1,4859.44231074,110241459077.0,177316.892742
5,DE,2016,435272552250.0,284375128995.0,44285.9047381,781953762111.0,3132620.83486
6,DK,2016,41864235441.4,30841304667.2,2791.87641976,62440781889.1,282876.408827
7,EE,2016,6976538722.36,7376758642.25,635.775449526,18443017853.1,21916.6617481
8,ES,2016,144466343923.0,99992692609.4,17661.1747086,264101408533.0,1113087.01541
9,FI,2016,35230344495.3,22002601681.7,2405.84718828,59116585061.6,217370.952218
10,FR,2016,290151432383.0,116868885360.0,26019.6626299,330011102669.0,2232618.67114
11,GR,2016,36971128738.3,43464765292.2,3300.95778615,156366838196.0,174119.148334
12,HR,2016,9837512765.28,9178125659.12,1431.95848937,19276874168.0,46613.9649419
13,HU,2016,28644275160.3,21885345766.3,4023.31028628,44808878945.3,116063.360844
14,IE,2016,65284511053.7,50050687799.4,2499.78684004,70856868085.6,270626.385816
15,IT,2016,262082579544.0,85221381664.0,22498.4717342,317771066833.0,1694640.40436
16,LT,2016,10548992939.9,7168554649.46,1368.80305111,15993101649.8,38863.5714496
17,LU,2016,14303717820.1,7070167309.19,273.694301769,8107752102.38,54830.1413345
18,LV,2016,9001189876.62,7001739433.91,976.288062661,12230743226.3,25343.1437908
19,MT,2016,4873603158.26,1158114485.26,227.420853399,1717532035.53,10362.6898152
20,NL,2016,137298706541.0,99048404167.0,7228.90618242,184989907749.0,707858.145907
21,PL,2016,80875475031.9,104407441552.0,15915.292015,363175634298.0,426987.408148
22,PT,2016,32146319858.6,18628582182.0,4660.6972207,50896620636.3,186363.739075
23,RO,2016,32812603424.7,23281199746.7,10696.8149492,78432309057.9,170290.82186
24,SE,2016,63349219708.5,23736772756.8,4403.93516439,48008380878.2,465854.793992
25,SI,2016,10107061137.7,5948825921.36,928.335306032,13267353800.1,40415.8763415
26,SK,2016,31570471397.4,15587858342.8,2423.16820029,33531034323.9,80996.7060949
27,GB,2016,315679829063.0,126094772020.0,36370.9406645,383444402481.0,2433144.46746
28,US,2016,1632452338880.0,527918238296.0,185030.568826,4384091531620.0,16934750.2033
29,JP,2016,443829014284.0,265598094265.0,49902.2013594,1079602457280.0,4447138.98406
30,CN,2016,1258300824720.0,2034581140710.0,873528.486421,11205734564800.0,10148445.7751
31,CA,2016,193108419211.0,272075244531.0,15501.0714582,584432248483.0,1380652.92525
32,KR,2016,246491246706.0,200560556749.0,33322.8230227,639493602295.0,1355236.74314
33,BR,2016,126124079348.0,228540154054.0,75659.4788601,1029052914430.0,1622272.35145
34,IN,2016,398140691029.0,411844256337.0,484106.211169,2940571027820.0,2069374.8564
35,MX,2016,139775844790.0,185322585381.0,55003.4052253,533236226255.0,973806.147391
36,RU,2016,180865072497.0,654053954875.0,51166.435559,1697866599260.0,1155956.28195
37,AU,2016,173770617866.0,189099277008.0,9818.89097616,519615664684.0,1183579.89578
38,CH,2016,85839261278.5,18833592287.4,4527.60940538,38460783117.6,628422.308157
39,TR,2016,154003553713.0,94058789492.6,26994.4110441,440726964281.0,785692.433163
40,TW,2016,101004058755.0,145423854146.0,12457.6105109,255762106581.0,429269.824686
41,NO,2016,47756181453.2,39793396328.1,2250.75532955,77196478893.8,333200.767497
42,ID,2016,142469334905.0,213802939889.0,129916.986325,796762630045.0,841880.354173
43,ZA,2016,33567058984.3,165482510125.0,12588.1778159,426269346601.0,267721.56351
44,WA,2016,1163521072910.0,1387922412100.0,561923.016966,2880639151310.0,2977178.29953
45,WL,2016,413844328946.0,417530695332.0,136785.613475,1278757350490.0,2208964.88069
46,WE,2016,104522001555.0,177795562716.0,133291.868353,448584942946.0,255203.692757
47,WF,2016,383683628054.0,315282575136.0,423835.505578,1814130013490.0,1380288.36658
48,WM,2016,665762104153.0,1117951131460.0,38189.6160761,2531038984850.0,2462419.91168
0,AT,2017,50902579016.7,21906974075.2,4494.16887368,59967161197.2,369335.105883
1,BE,2017,111704874823.0,53346778632.8,4623.69033885,88960402206.7,444983.685374
2,BG,2017,15923693739.0,27261592137.3,3229.6365763,51024531190.3,52183.3373197
3,CY,2017,6130902842.61,10257214696.6,428.242727527,13991735109.4,20039.3660902
4,CZ,2017,39418142757.2,43626491426.3,4943.67319982,109593471855.0,193528.318095
5,DE,2017,441080375307.0,288997988353.0,44991.3207445,783024256828.0,3259805.68286
6,DK,2017,44291108405.2,30111392091.5,2788.81666958,59095678474.6,293990.496421
7,EE,2017,6794802713.75,8276819715.82,674.556630987,19487955590.3,23857.3504723
8,ES,2017,147098094465.0,109858922464.0,17922.4512703,276339334581.0,1161847.64049
9,FI,2017,30512251143.9,21610534374.9,2422.11377914,58007487403.5,225929.235411
10,FR,2017,295449302235.0,120591142016.0,25535.1104987,339932925557.0,2297203.7224
11,GR,2017,40843614032.0,47830339686.7,3133.47206408,161043983075.0,177148.933222
12,HR,2017,11033449726.9,10190330353.1,1527.86907521,20329588741.5,48968.1910804
13,HU,2017,30214986651.3,23553937832.6,3978.27078757,48541920013.1,126548.292231
14,IE,2017,57833179251.7,57794121936.6,2791.68956972,72981793060.1,300381.84483
15,IT,2017,261016149796.0,90667315715.3,22649.5048831,317554000652.0,1736563.86417
16,LT,2017,11092882852.6,7980550070.46,1403.85244621,17016036978.9,42275.5925748
17,LU,2017,14051187589.8,7578612755.79,283.918979691,8728829509.55,56813.2643381
18,LV,2017,8778344248.07,7448821593.67,922.894594944,12249700285.6,26961.8137436
19,MT,2017,5610612268.63,880872530.399,242.182785092,1324696188.49,11321.5113531
20,NL,2017,134222058088.0,105891687461.0,7217.54015696,177259442595.0,738133.700706
21,PL,2017,83619102759.6,113020723175.0,15439.4130065,384125420202.0,466056.681907
22,PT,2017,30859157218.8,21637228667.9,4732.59893853,58192141903.1,195943.945046
23,RO,2017,34443786549.6,26948651199.5,11107.3380208,82105873800.5,187391.217047
24,SE,2017,60256518013.2,22719523505.7,4253.55056664,46842291865.9,478904.79753
25,SI,2017,10420824188.1,6484676369.27,919.623016102,13657296038.6,43008.4123641
26,SK,2017,30733485794.1,17242431775.1,2335.1873271,35160328465.8,84530.7824896
27,GB,2017,316068944497.0,145099794915.0,32381.4970192,365190110807.0,2356806.24833
28,US,2017,1627462149330.0,559895309624.0,185632.324561,4287255837460.0,17299265.2917
29,JP,2017,493302952188.0,304714133470.0,53001.8689156,1045709192390.0,4308103.39883
30,CN,2017,1357475860410.0,2081745874200.0,864526.758833,11551580931000.0,10897132.3876
31,CA,2017,201742040062.0,273029568265.0,14858.4555199,590532411811.0,1460138.94615
32,KR,2017,310111287989.0,194590975838.0,33152.4472576,660099544746.0,1437462.57087
33,BR,2017,150825625668.0,240612462319.0,76625.638826,1058280264770.0,1826005.01688
34,IN,2017,461972971758.0,464607916427.0,518329.56234,3136484392600.0,2324154.80824
35,MX,2017,141350116955.0,198818199124.0,48969.2589575,539196561224.0,1024816.46435
36,RU,2017,220152136420.0,635956160597.0,48121.6811347,1808037616330.0,1396458.93496
37,AU,2017,187384963490.0,229822940322.0,9986.5682225,581764106573.0,1254123.85479
38,CH,2017,72394907634.9,18133891633.5,4517.14645373,39394640262.2,623597.872855
39,TR,2017,167809953793.0,112449217296.0,26207.0763046,483848457948.0,760368.751527
40,TW,2017,102187236274.0,160288470029.0,12400.6621133,293279374640.0,453166.400625
41,NO,2017,40859399053.1,40299060952.8,2170.5378637,81185947540.9,352654.64749
42,ID,2017,161521052454.0,244657276633.0,138038.925715,850860233558.0,899016.326609
43,ZA,2017,54531822140.4,211335822931.0,11813.9247561,436242093417.0,308937.496364
44,WA,2017,1188623319910.0,1456477739090.0,555926.114691,2972292045120.0,3142660.52593
45,WL,2017,445229832265.0,439465445518.0,123636.335768,1267811884250.0,2318293.62416
46,WE,2017,156297360072.0,169021405057.0,132865.838801,431235276136.0,286112.481049
47,WF,2017,438893992731.0,372790810559.0,406278.519453,1849878481940.0,1420883.28369
48,WM,2017,722600092546.0,1175605334710.0,37360.6285768,2560272677000.0,2537027.99011
0,AT,2018,55964063159.5,23061400485.9,4671.85258895,61878468902.0,385347.046488
1,BE,2018,121672312937.0,54561217700.4,4739.59231152,90060323452.2,460401.665395
2,BG,2018,18363963164.4,31275220160.0,3485.71611671,49211278935.5,56053.4972617
3,CY,2018,6570150664.8,10568495728.2,439.988349229,13939595060.1,21136.9858064
4,CZ,2018,47893528731.6,42426358475.0,5262.21992745,109914064371.0,210760.992225
5,DE,2018,478543431897.0,283928675054.0,48031.5626913,790533432444.0,3356280.71655
6,DK,2018,47526670322.1,31625121394.6,2790.90901124,60722582503.5,302184.16579
7,EE,2018,8458405940.45,10041118742.4,690.723760086,21341378916.9,25936.6149254
8,ES,2018,172285353046.0,104691644566.0,18099.1994716,271280707923.0,1204194.6146
9,FI,2018,36027423962.4,21343454601.8,2422.55832013,57013909918.4,233654.999643
10,FR,2018,319789257026.0,122228185409.0,24454.971797,345002339613.0,2360596.07018
11,GR,2018,51372826753.7,55504086846.2,3264.48638133,163317006621.0,179720.378197
12,HR,2018,13359504391.0,10405833142.2,1519.55119842,20571310746.3,51643.6774743
13,HU,2018,35850080931.9,24080497715.0,4288.23446555,50680235289.1,135833.053218
14,IE,2018,58869219170.1,65367174769.9,2839.87877269,77802517605.3,326973.46503
15,IT,2018,303395872925.0,88214758864.2,22987.0063227,317873555762.0,1770994.88153
16,LT,2018,13494470968.1,9405750532.91,1523.129474,18428986779.8,45489.3167581
17,LU,2018,15251143420.3,7895669807.82,283.827608869,9292412661.96,60050.7688531
18,LV,2018,9672464681.13,7080930850.29,1050.8494515,12268001038.8,29141.4164769
19,MT,2018,6380836662.31,849643154.179,268.410453846,1319821097.78,12402.3222643
20,NL,2018,146250120951.0,106995783981.0,7492.95859562,174586660278.0,773957.187282
21,PL,2018,99492020423.6,118520238127.0,16991.2065659,388010521569.0,497382.755703
22,PT,2018,34170965586.0,21598837895.0,5015.97853097,55733374095.4,205176.220642
23,RO,2018,39921492257.2,27665674124.3,12999.0840528,82760395521.1,204594.353793
24,SE,2018,63384417656.5,22407199120.8,4242.28158357,46614031037.0,470326.309473
25,SI,2018,11764590114.2,6638813597.69,956.117538334,13699803202.4,45860.8264476
26,SK,2018,33366902256.0,17434976135.9,2523.37075832,35845117957.2,89502.0583937
27,GB,2018,339159394516.0,128871749190.0,31349.4514485,365384653751.0,2419404.33943
28,US,2018,1798936079630.0,610659489760.0,191950.288082,4636725988500.0,17452888.2303
29,JP,2018,537847024858.0,297061103178.0,49530.0756697,1083523576350.0,4195433.20914
30,CN,2018,1699481058130.0,2068450722140.0,932682.022346,11669142410000.0,11765374.2981
31,CA,2018,202911923239.0,333559965732.0,14896.7795405,654770135448.0,1458006.48844
32,KR,2018,333030191271.0,189582268046.0,34128.9999682,669865142181.0,1460419.55878
33,BR,2018,162182309683.0,328438807785.0,85471.3262964,1122576527760.0,1596502.47595
34,IN,2018,534841690924.0,524666857125.0,580328.668408,3425190531870.0,2348569.21483
35,MX,2018,157744525879.0,282000571091.0,56060.6998786,684907129223.0,1033612.90241
36,RU,2018,220528823398.0,915352533165.0,57525.4952562,1996840908500.0,1412748.75011
37,AU,2018,186097379775.0,252986843214.0,10296.6474072,593446562621.0,1235353.67396
38,CH,2018,71380790484.5,19334600217.9,4331.75626378,39874741657.0,623106.863045
39,TR,2018,168017598068.0,139422759084.0,24874.2336202,488570225965.0,659087.075523
40,TW,2018,115558740614.0,154875882176.0,13344.6696227,292473947196.0,458176.431878
41,NO,2018,43013696070.4,41359841167.7,2185.9645009,84245969409.3,367626.262008
42,ID,2018,199830121868.0,285793401954.0,127867.912627,941020484777.0,882506.614187
43,ZA,2018,64603148971.4,224041271978.0,12880.8888851,483415677378.0,311679.874996
44,WA,2018,1308889812300.0,1701164469400.0,574310.88476,3141966547410.0,3175166.62379
45,WL,2018,404241906891.0,450619559717.0,128199.948004,1304126442850.0,2125526.75234
46,WE,2018,184003270402.0,186222000745.0,147460.546739,477568376205.0,307263.52273
47,WF,2018,486985114000.0,437038614483.0,409760.044778,1893454684730.0,1452586.9366
48,WM,2018,730238163349.0,1301294181980.0,37248.0942998,2708143039740.0,2660676.47594
0,AT,2019,55464349781.9,24313013753.9,4898.24086077,65019200755.6,397566.227502
1,BE,2019,112732148768.0,54652262785.8,4818.03902449,88405800424.5,476192.457199
2,BG,2019,24852358507.1,28719913718.0,3809.39447331,47156707709.4,60674.9168512
3,CY,2019,6625714159.74,10431406105.4,472.455857385,14123913456.8,21943.1003603
4,CZ,2019,51207552064.1,39026941909.0,5685.67899155,110149529693.0,223921.844153
5,DE,2019,471941632574.0,259331940005.0,46996.9857913,729234269391.0,3448971.46765
6,DK,2019,47363697878.3,30721431726.6,2569.30764361,57188546125.7,312732.762536
7,EE,2019,8131996718.68,8745494337.76,762.73571355,18398213710.7,28111.7469015
8,ES,2019,161883495622.0,104924059975.0,18560.4761909,264207879229.0,1244743.65745
9,FI,2019,34591235774.9,20928191637.1,2558.13374982,55113420829.4,240550.522716
10,FR,2019,320021470758.0,126493317291.0,25247.5423002,350172176790.0,2425652.7684
11,GR,2019,53016799370.3,60484438921.1,3277.43712425,164649458815.0,183409.320809
12,HR,2019,14935529162.1,10807857343.1,1629.15289639,20911714985.4,53966.2115805
13,HU,2019,39388314865.4,26535775783.4,4599.34630793,51615274032.5,146019.689922
14,IE,2019,80793843747.0,63420763070.7,2968.36796129,77735986180.4,356043.042976
15,IT,2019,304146601795.0,90354625566.2,23908.5583726,320219582326.0,1789706.24877
16,LT,2019,12761792345.4,11378183464.9,1670.54786787,19491859086.9,48796.2589196
17,LU,2019,15718905404.6,8278762494.77,291.704799857,9642669242.73,63514.8897795
18,LV,2019,9952460750.73,7972961256.19,1111.60893157,14063048880.8,30462.6293724
19,MT,2019,6577981529.11,896067416.276,303.987417597,1378486910.22,13276.9976856
20,NL,2019,145924063107.0,105346276889.0,7549.83045929,168045790059.0,810228.551269
21,PL,2019,100166806016.0,111547329125.0,17120.1664516,365250412500.0,532257.335353
22,PT,2019,33598656938.1,21631919398.8,5150.02065613,55566695425.5,213296.190291
23,RO,2019,42458279653.1,27819554918.0,14101.2779963,87064906068.6,223381.839019
24,SE,2019,60412387001.9,23562756748.9,4213.42992171,47309767865.7,474215.157664
25,SI,2019,12944452077.8,6882979490.06,1017.40349799,13794804843.0,48391.449137
26,SK,2019,37649173154.6,17938406092.8,2545.67105272,34896348727.2,93863.0397586
27,GB,2019,345791184519.0,135201510187.0,32838.9133859,376173514630.0,2524735.85631
28,US,2019,1789690486490.0,605438306444.0,186489.822874,4577330223010.0,19145355.9625
29,JP,2019,546034882139.0,270376279400.0,48857.4247554,1003266875720.0,4539942.66272
30,CN,2019,1692812467480.0,2167471764360.0,974650.373905,12614562509300.0,12811910.6429
31,CA,2019,207045058543.0,338340975325.0,14306.3389268,632772668991.0,1555602.31311
32,KR,2019,341273199545.0,180608600208.0,34174.0773234,644827785789.0,1470781.08958
33,BR,2019,160659774129.0,277016424726.0,76646.2528216,1004280609850.0,1650554.57546
34,IN,2019,504874294877.0,475758899562.0,578665.223625,3459703752410.0,2582923.04674
35,MX,2019,157183964932.0,212639606111.0,57317.9391624,695113432023.0,1122323.27847
36,RU,2019,226106263883.0,991334979203.0,57025.1272052,2074674801250.0,1512219.87611
37,AU,2019,169438597596.0,248123860185.0,9798.82385417,599480916841.0,1232878.81456
38,CH,2019,72850018603.8,20238574104.8,4184.73212346,41739592208.5,653350.130568
39,TR,2019,159708152296.0,144048505868.0,21836.671667,472591068819.0,680147.916219
40,TW,2019,122499363486.0,142829221670.0,13402.0751166,280048995193.0,491104.421559
41,NO,2019,42921877193.4,47574434787.7,2121.31126005,86998826226.7,360282.59369
42,ID,2019,182264178723.0,317050963458.0,124244.786281,1000459394800.0,999723.790866
43,ZA,2019,64069361499.0,233287825276.0,13230.1169201,493534921053.0,313917.81258
44,WA,2019,1363550167240.0,1640242226620.0,564709.002786,3327363180650.0,3450302.73629
45,WL,2019,379821581678.0,455134134272.0,114855.316264,1272055210440.0,2108426.41381
46,WE,2019,210095955905.0,182180713981.0,159184.163489,491641328414.0,346955.982553
47,WF,2019,495972968157.0,477886633865.0,412145.3111,2008577248810.0,1578465.67202
48,WM,2019,740237691685.0,1374232119300.0,37591.491747,2956263329270.0,3017200.80712
