year,country,n_applications,n_granted,n_raw_join,n_applicants,n_cpc_matches
1990,AT,57,35,82,44,37
1990,AU,23,17,31,18,22
1990,BE,22,19,24,18,16
1990,BG,1,0,1,1,1
1990,BR,2,0,2,2,2
1990,CA,41,29,61,39,33
1990,CH,109,65,142,74,60
1990,CN,1,0,1,1,1
1990,CZ,1,1,1,1,1
1990,DE,567,400,768,341,144
1990,DK,15,14,29,12,21
1990,ES,7,4,8,8,6
1990,FI,22,14,27,18,23
1990,FR,239,178,330,169,102
1990,GB,133,73,171,102,69
1990,GR,3,3,14,6,5
1990,HU,6,4,9,8,7
1990,IE,4,3,12,5,8
1990,IN,1,1,1,1,1
1990,IT,109,65,149,102,71
1990,JP,565,433,809,301,123
1990,KR,3,2,5,3,5
1990,LU,3,0,7,2,5
1990,MX,1,0,3,1,3
1990,NL,74,53,99,46,47
1990,NO,4,3,5,4,5
1990,PT,1,0,1,1,1
1990,SE,49,32,70,47,41
1990,TW,2,1,2,2,2
1990,US,866,501,1073,479,144
1990,ZA,3,0,3,3,3
1991,AT,43,37,61,42,30
1991,AU,20,15,33,21,19
1991,BE,20,14,28,19,22
1991,BR,3,2,3,3,3
1991,CA,42,30,62,37,27
1991,CH,82,50,121,71,57
1991,CN,4,3,8,7,5
1991,DE,512,361,722,336,142
1991,DK,25,22,41,24,25
1991,ES,11,4,17,12,13
1991,FI,18,14,24,16,18
1991,FR,235,172,332,161,91
1991,GB,155,95,210,118,75
1991,GR,5,4,5,4,3
1991,HU,2,1,6,2,6
1991,IE,2,0,4,2,4
1991,IN,1,0,1,1,1
1991,IT,100,57,149,87,57
1991,JP,551,438,750,314,118
1991,KR,4,4,8,4,8
1991,LU,2,2,2,2,2
1991,MX,3,3,6,2,4
1991,NL,85,65,131,64,55
1991,NO,9,6,12,9,11
1991,SE,46,30,76,49,35
1991,SI,1,1,1,1,1
1991,TW,3,2,3,3,3
1991,US,839,521,1051,483,153
1991,ZA,4,1,4,4,4
1992,AT,57,46,95,52,47
1992,AU,34,21,43,32,22
1992,BE,22,16,28,13,16
1992,CA,53,38,78,42,34
1992,CH,127,82,150,82,62
1992,CN,5,4,9,4,5
1992,CY,1,1,1,1,1
1992,CZ,3,1,3,3,3
1992,DE,688,490,1000,433,147
1992,DK,24,21,39,18,27
1992,ES,13,3,20,17,15
1992,FI,18,15,25,15,21
1992,FR,255,208,349,162,89
1992,GB,162,110,239,116,93
1992,GR,9,5,17,16,10
1992,HR,1,1,2,2,1
1992,HU,4,3,5,4,4
1992,IE,4,4,4,4,4
1992,IN,2,2,2,2,2
1992,IT,109,67,128,86,57
1992,JP,550,440,786,318,115
1992,KR,8,1,10,6,3
1992,LU,3,1,3,3,2
1992,MX,1,1,1,1,1
1992,NL,89,60,117,61,58
1992,NO,15,13,24,16,21
1992,PL,2,2,3,2,3
1992,PT,1,1,3,1,3
1992,RU,4,2,13,12,5
1992,SE,66,54,91,57,40
1992,TW,6,2,8,5,8
1992,US,939,558,1227,517,166
1992,ZA,4,3,4,4,4
1993,AT,61,45,94,54,41
1993,AU,44,29,69,37,37
1993,BE,23,18,26,19,19
1993,BR,3,2,3,3,3
1993,CA,58,39,94,49,40
1993,CH,123,95,195,110,78
1993,CN,3,1,4,3,3
1993,DE,656,483,903,445,151
1993,DK,18,10,21,16,16
1993,ES,14,7,26,12,19
1993,FI,43,38,56,39,31
1993,FR,247,184,362,179,105
1993,GB,185,134,240,128,77
1993,HR,1,0,2,1,2
1993,HU,3,3,12,2,11
1993,IE,4,3,4,4,3
1993,IT,83,55,107,79,51
1993,JP,602,479,940,334,125
1993,KR,11,7,19,14,9
1993,LU,2,2,2,2,1
1993,NL,99,72,140,65,55
1993,NO,12,10,15,13,10
1993,PL,2,1,3,3,2
1993,PT,1,1,1,1,1
1993,RU,11,9,12,7,7
1993,SE,47,40,78,42,55
1993,TW,9,4,9,5,6
1993,US,1003,606,1329,613,170
1993,ZA,2,1,4,2,4
1994,AT,59,39,95,56,37
1994,AU,57,39,80,45,35
1994,BE,39,27,45,33,21
1994,BR,2,0,4,4,2
1994,CA,64,47,80,50,29
1994,CH,108,77,151,87,64
1994,CN,7,5,15,11,5
1994,CY,2,2,3,2,3
1994,CZ,2,2,2,1,1
1994,DE,745,547,1087,501,183
1994,DK,30,21,45,31,27
1994,ES,13,8,22,14,20
1994,FI,33,31,49,28,30
1994,FR,279,214,382,201,104
1994,GB,144,96,187,101,78
1994,GR,5,3,17,11,6
1994,HR,1,1,1,1,1
1994,HU,3,1,14,12,5
1994,IE,3,3,5,3,5
1994,IN,1,1,1,1,1
1994,IT,107,73,161,90,73
1994,JP,660,545,1071,402,138
1994,KR,22,14,29,16,18
1994,LU,8,7,8,8,7
1994,MX,2,0,4,2,4
1994,NL,89,64,112,56,52
1994,NO,8,7,12,7,9
1994,PL,1,1,1,1,1
1994,PT,1,1,1,1,1
1994,RU,10,4,17,15,10
1994,SE,79,57,108,68,53
1994,SK,2,2,2,1,1
1994,TW,12,7,21,10,20
1994,US,1087,641,1380,639,150
1994,ZA,2,1,2,2,2
1995,AT,59,48,101,44,45
1995,AU,31,15,44,31,28
1995,BE,30,18,35,28,24
1995,BR,1,1,2,1,2
1995,CA,58,46,88,54,43
1995,CH,133,92,187,103,82
1995,CN,4,3,6,6,4
1995,CZ,2,1,2,2,2
1995,DE,700,494,965,430,177
1995,DK,42,29,53,27,25
1995,ES,18,9,25,19,20
1995,FI,36,29,53,27,32
1995,FR,239,184,317,183,92
1995,GB,167,115,219,122,72
1995,GR,3,0,6,4,4
1995,HU,3,2,11,4,4
1995,IE,8,5,12,8,12
1995,IN,2,2,3,2,3
1995,IT,90,60,141,84,64
1995,JP,628,478,941,356,131
1995,KR,26,17,35,26,20
1995,LU,6,6,7,5,5
1995,NL,76,53,95,50,46
1995,NO,18,15,23,17,14
1995,PL,2,0,4,4,2
1995,PT,1,1,2,2,1
1995,RO,1,1,2,1,2
1995,RU,10,4,15,10,10
1995,SE,73,59,107,53,52
1995,TW,3,2,7,3,7
1995,US,1083,681,1424,669,155
1995,ZA,4,3,5,4,4
1996,AT,66,50,102,53,42
1996,AU,52,27,79,52,37
1996,BE,40,25,49,23,23
1996,BR,1,0,1,1,1
1996,CA,78,53,109,61,42
1996,CH,139,98,201,98,83
1996,CN,5,3,16,8,7
1996,CY,1,1,1,1,1
1996,CZ,4,3,9,6,5
1996,DE,703,541,1026,417,185
1996,DK,30,19,46,19,24
1996,ES,14,9,15,15,12
1996,FI,36,23,54,24,30
1996,FR,286,217,412,195,98
1996,GB,181,117,235,123,88
1996,GR,3,1,6,6,3
1996,HU,2,1,19,4,7
1996,IE,9,7,16,9,14
1996,IN,2,2,2,2,2
1996,IT,101,72,168,86,66
1996,JP,806,604,1236,438,118
1996,KR,27,12,53,25,20
1996,LT,1,0,1,1,1
1996,LU,4,4,9,4,7
1996,NL,91,67,104,57,46
1996,NO,18,14,22,17,17
1996,PT,2,1,2,2,2
1996,RO,1,1,1,1,1
1996,RU,4,1,5,5,4
1996,SE,77,53,104,59,49
1996,TW,9,7,18,5,6
1996,US,1153,652,1570,733,167
1996,ZA,6,4,7,5,6
1997,AT,68,41,101,60,41
1997,AU,28,18,51,36,30
1997,BE,55,32,68,41,29
1997,BG,1,1,1,1,1
1997,BR,2,2,2,2,2
1997,CA,82,56,124,81,32
1997,CH,144,100,197,86,75
1997,CN,7,2,13,11,7
1997,CZ,5,4,7,5,7
1997,DE,836,584,1204,492,180
1997,DK,42,27,51,30,30
1997,ES,26,15,34,27,25
1997,FI,44,30,51,30,29
1997,FR,325,231,465,196,115
1997,GB,191,120,250,135,97
1997,GR,1,1,1,1,1
1997,HR,1,0,1,1,1
1997,HU,4,4,10,6,8
1997,IE,10,4,14,10,11
1997,IN,2,1,4,4,1
1997,IT,107,67,150,102,72
1997,JP,1034,723,1724,522,150
1997,KR,34,25,65,24,27
1997,LU,8,4,12,6,9
1997,MT,2,0,2,1,2
1997,MX,2,1,5,3,4
1997,NL,125,72,153,80,62
1997,NO,28,20,48,22,33
1997,PL,1,0,3,3,1
1997,PT,3,0,4,3,4
1997,RU,13,7,44,28,10
1997,SE,124,80,139,75,54
1997,SI,1,0,1,1,1
1997,SK,2,2,4,2,4
1997,TW,9,8,18,10,13
1997,US,1303,726,1699,805,183
1997,ZA,10,7,15,9,12
1998,AT,75,46,112,67,51
1998,AU,37,20,58,38,34
1998,BE,63,25,82,47,39
1998,BG,2,0,5,1,5
1998,BR,3,1,4,3,4
1998,CA,108,72,165,83,49
1998,CH,121,81,159,88,73
1998,CN,4,2,6,5,4
1998,CY,1,0,1,1,1
1998,CZ,4,1,5,3,4
1998,DE,953,638,1350,512,180
1998,DK,25,16,33,18,20
1998,ES,28,13,36,26,26
1998,FI,40,26,55,27,35
1998,FR,339,236,462,227,110
1998,GB,179,107,242,135,84
1998,GR,3,3,4,3,4
1998,HU,6,4,17,10,8
1998,IE,6,6,9,6,8
1998,IN,4,2,4,3,3
1998,IT,128,77,166,112,83
1998,JP,1088,746,1722,529,147
1998,KR,25,11,33,22,16
1998,LU,15,9,24,14,22
1998,NL,136,74,196,80,91
1998,NO,25,12,39,20,28
1998,PL,1,1,1,1,1
1998,PT,2,2,3,2,3
1998,RU,8,2,25,14,13
1998,SE,115,73,135,68,48
1998,SK,1,0,2,1,2
1998,TR,2,1,4,3,3
1998,TW,8,4,12,9,10
1998,US,1520,786,1998,944,178
1998,ZA,13,10,13,9,8
1999,AT,68,39,100,60,40
1999,AU,53,30,97,39,49
1999,BE,71,35,85,49,36
1999,BG,1,1,1,1,1
1999,BR,1,0,2,1,2
1999,CA,108,71,171,83,66
1999,CH,146,76,217,113,92
1999,CN,10,5,14,10,10
1999,CZ,4,2,8,8,4
1999,DE,1014,701,1442,554,188
1999,DK,63,40,92,52,39
1999,EE,1,1,1,1,1
1999,ES,35,18,53,36,39
1999,FI,53,35,76,40,40
1999,FR,368,233,530,256,123
1999,GB,217,127,307,160,88
1999,GR,4,3,11,8,6
1999,HR,7,5,7,3,3
1999,HU,2,1,7,7,2
1999,ID,1,0,1,1,1
1999,IE,12,4,14,10,10
1999,IN,7,6,11,8,7
1999,IT,108,67,157,113,69
1999,JP,1198,762,1923,608,163
1999,KR,79,50,127,76,41
1999,LU,29,14,56,13,33
1999,LV,1,1,1,1,1
1999,MX,3,0,6,3,6
1999,NL,138,67,201,80,84
1999,NO,33,24,51,28,38
1999,PT,3,3,4,3,4
1999,RU,5,3,8,5,8
1999,SE,117,85,149,74,63
1999,SI,1,1,1,1,1
1999,SK,2,2,2,2,2
1999,TR,2,0,6,2,6
1999,TW,11,6,18,12,14
1999,US,1587,813,2063,981,174
1999,ZA,8,7,14,5,8
2000,AT,63,36,100,65,48
2000,AU,103,53,145,62,53
2000,BE,84,37,111,63,50
2000,BG,1,1,1,1,1
2000,BR,10,8,15,8,10
2000,CA,139,74,208,107,67
2000,CH,169,102,243,124,94
2000,CN,20,9,29,19,17
2000,CY,3,2,12,1,4
2000,CZ,7,5,7,7,7
2000,DE,1264,827,1829,635,195
2000,DK,70,36,87,53,42
2000,ES,39,18,62,37,36
2000,FI,54,34,82,40,37
2000,FR,369,248,530,249,126
2000,GB,267,161,383,216,116
2000,GR,5,2,7,6,5
2000,HU,1,0,2,2,1
2000,ID,1,0,1,1,1
2000,IE,10,8,15,10,11
2000,IN,13,8,17,15,8
2000,IT,130,81,223,115,79
2000,JP,1560,944,2577,740,180
2000,KR,52,23,82,64,34
2000,LU,18,13,27,12,12
2000,MX,2,1,4,2,4
2000,NL,170,83,237,87,91
2000,NO,25,15,33,23,23
2000,PL,1,1,1,1,1
2000,PT,3,2,4,4,3
2000,RU,12,9,20,17,12
2000,SE,116,75,158,68,65
2000,SI,1,1,1,1,1
2000,SK,2,1,6,6,2
2000,TR,1,1,1,1,1
2000,TW,7,5,9,8,6
2000,US,1748,912,2342,1029,198
2000,ZA,9,7,9,8,6
2001,AT,91,63,125,67,52
2001,AU,71,27,121,71,44
2001,BE,90,43,120,66,51
2001,BG,1,0,1,1,1
2001,BR,7,5,9,8,7
2001,CA,129,75,220,112,68
2001,CH,163,92,248,110,98
2001,CN,20,10,33,21,22
2001,CY,2,0,2,2,2
2001,CZ,2,2,8,4,4
2001,DE,1411,873,2030,657,197
2001,DK,77,44,119,54,43
2001,ES,40,23,63,45,39
2001,FI,69,42,81,34,40
2001,FR,381,244,533,254,132
2001,GB,273,149,392,228,112
2001,GR,2,0,2,2,2
2001,HR,2,2,2,1,1
2001,HU,1,0,1,1,1
2001,IE,22,15,30,19,20
2001,IN,19,11,22,15,13
2001,IT,171,98,241,138,91
2001,JP,1787,1064,2944,803,175
2001,KR,96,60,139,84,47
2001,LT,2,0,4,2,2
2001,LU,10,5,14,12,11
2001,LV,1,1,1,1,1
2001,MT,1,1,1,1,1
2001,MX,3,2,6,4,3
2001,NL,194,96,303,88,88
2001,NO,30,20,42,31,32
2001,PL,1,0,2,2,1
2001,PT,3,1,3,3,3
2001,RU,10,3,30,23,9
2001,SE,103,71,150,66,64
2001,SI,2,0,4,2,4
2001,SK,2,0,4,3,3
2001,TR,4,2,4,4,4
2001,TW,13,3,16,13,13
2001,US,2033,949,2874,1233,198
2001,ZA,15,6,26,14,12
2002,AT,91,52,139,65,56
2002,AU,84,33,129,72,56
2002,BE,90,49,110,52,50
2002,BG,1,1,1,1,1
2002,BR,4,3,7,5,5
2002,CA,127,63,200,98,74
2002,CH,213,101,302,137,123
2002,CN,31,13,49,35,28
2002,CY,4,0,5,3,4
2002,CZ,4,2,5,5,3
2002,DE,1409,909,2067,653,194
2002,DK,72,42,102,46,49
2002,EE,1,1,1,1,1
2002,ES,51,25,91,57,44
2002,FI,76,47,85,45,38
2002,FR,398,254,534,247,118
2002,GB,259,138,364,214,106
2002,GR,3,1,7,3,7
2002,HR,1,0,1,1,1
2002,HU,8,7,12,12,8
2002,IE,13,5,14,11,9
2002,IN,24,21,31,12,13
2002,IT,202,102,303,158,106
2002,JP,1748,1026,2892,825,168
2002,KR,108,59,143,88,52
2002,LT,1,0,1,1,1
2002,LU,15,14,18,10,12
2002,MX,4,1,6,6,4
2002,NL,218,96,275,90,83
2002,NO,25,16,41,22,21
2002,PL,7,2,18,13,9
2002,PT,2,0,4,2,4
2002,RU,12,4,22,16,13
2002,SE,103,64,143,71,70
2002,SI,1,1,1,1,1
2002,TR,5,3,5,4,4
2002,TW,34,16,54,24,18
2002,US,2081,936,2948,1236,211
2002,ZA,10,4,15,5,6
2003,AT,94,59,129,75,58
2003,AU,79,29,101,70,51
2003,BE,90,32,115,60,55
2003,BG,3,1,3,3,3
2003,BR,10,8,15,10,12
2003,CA,183,105,267,132,81
2003,CH,205,127,322,131,112
2003,CN,31,15,55,31,28
2003,CY,1,1,2,1,2
2003,CZ,2,1,2,2,2
2003,DE,1411,857,2043,656,198
2003,DK,121,71,160,83,52
2003,ES,43,25,64,42,38
2003,FI,97,50,124,43,47
2003,FR,475,299,710,283,139
2003,GB,252,147,351,215,91
2003,GR,4,3,12,8,7
2003,HR,4,4,4,2,1
2003,HU,4,2,8,7,4
2003,IE,12,6,18,9,13
2003,IN,32,24,41,24,16
2003,IT,205,116,302,178,99
2003,JP,1712,959,2873,888,169
2003,KR,131,75,162,94,44
2003,LU,13,7,16,13,15
2003,MX,6,5,8,7,6
2003,NL,238,114,322,108,93
2003,NO,33,23,49,30,30
2003,PL,10,2,17,13,9
2003,PT,6,6,6,5,2
2003,RU,17,6,53,29,18
2003,SE,125,87,156,85,60
2003,SI,1,1,1,1,1
2003,SK,2,1,5,2,5
2003,TR,4,1,6,4,3
2003,TW,43,19,62,30,30
2003,US,2414,1083,3339,1366,214
2003,ZA,11,7,16,12,14
2004,AT,91,54,141,79,56
2004,AU,106,35,188,102,74
2004,BE,94,44,151,62,55
2004,BG,3,0,9,5,5
2004,BR,7,2,12,7,9
2004,CA,213,116,279,125,70
2004,CH,213,111,325,132,115
2004,CN,50,28,78,50,32
2004,CY,3,1,5,3,5
2004,CZ,9,6,21,13,10
2004,DE,1452,925,2080,685,213
2004,DK,103,66,154,68,59
2004,ES,49,23,77,57,48
2004,FI,85,45,104,45,44
2004,FR,563,375,813,336,147
2004,GB,292,149,408,238,119
2004,GR,7,2,21,11,11
2004,HU,3,2,3,3,3
2004,IE,21,11,22,12,13
2004,IN,12,6,15,10,14
2004,IT,229,135,325,197,104
2004,JP,1908,1102,3106,875,188
2004,KR,241,134,322,131,70
2004,LU,12,5,16,11,14
2004,MT,2,2,2,2,2
2004,MX,16,8,20,13,10
2004,NL,236,109,358,104,92
2004,NO,40,23,71,34,38
2004,PL,7,2,11,7,10
2004,PT,4,1,5,5,3
2004,RO,3,0,4,4,3
2004,RU,16,6,43,26,22
2004,SE,129,81,162,81,55
2004,SI,2,2,6,2,6
2004,SK,3,2,9,4,8
2004,TR,1,1,1,1,1
2004,TW,34,14,61,28,29
2004,US,2401,1102,3479,1443,235
2004,ZA,12,10,20,11,14
2005,AT,71,43,108,59,66
2005,AU,110,40,163,98,74
2005,BE,111,52,154,60,54
2005,BR,14,7,33,17,23
2005,CA,231,111,315,137,84
2005,CH,233,120,363,153,119
2005,CN,61,35,97,57,44
2005,CY,3,1,7,3,7
2005,CZ,11,7,31,12,14
2005,DE,1471,935,2082,678,208
2005,DK,116,72,170,73,56
2005,EE,1,0,1,1,1
2005,ES,74,28,121,70,54
2005,FI,81,46,112,41,45
2005,FR,577,354,868,338,152
2005,GB,296,165,407,220,108
2005,GR,5,4,6,6,4
2005,HR,2,1,2,2,1
2005,HU,5,2,12,6,11
2005,IE,34,17,63,26,30
2005,IN,20,14,24,20,14
2005,IT,226,132,326,202,111
2005,JP,1980,1094,3188,859,176
2005,KR,405,214,580,168,76
2005,LU,17,13,17,11,10
2005,LV,1,0,1,1,1
2005,MT,1,1,2,1,2
2005,MX,5,4,7,5,7
2005,NL,248,103,323,112,103
2005,NO,45,25,74,48,42
2005,PL,8,2,9,8,9
2005,PT,4,2,10,5,7
2005,RO,1,1,1,1,1
2005,RU,15,8,30,20,18
2005,SE,143,92,191,93,62
2005,SI,4,0,5,3,4
2005,SK,4,2,9,4,9
2005,TR,11,7,12,7,8
2005,TW,58,15,111,40,28
2005,US,2670,1239,3663,1471,223
2005,ZA,22,17,22,14,9
2006,AT,95,49,149,81,74
2006,AU,90,27,140,78,65
2006,BE,141,69,170,64,51
2006,BG,3,1,10,4,6
2006,BR,14,10,24,16,12
2006,CA,188,75,280,138,86
2006,CH,260,125,391,150,126
2006,CN,104,50,140,72,53
2006,CY,6,0,10,6,10
2006,CZ,6,4,17,12,7
2006,DE,1751,1074,2520,769,222
2006,DK,137,85,196,88,66
2006,ES,130,42,215,113,75
2006,FI,113,62,143,58,50
2006,FR,643,418,1003,368,159
2006,GB,389,186,577,292,131
2006,GR,13,4,19,12,14
2006,HR,3,3,3,1,1
2006,HU,4,4,9,5,6
2006,IE,37,25,54,29,24
2006,IN,26,18,39,21,26
2006,IT,240,135,382,211,116
2006,JP,2155,1237,3689,842,173
2006,KR,515,322,788,191,96
2006,LT,2,0,3,2,3
2006,LU,25,11,39,18,21
2006,LV,1,0,1,1,1
2006,MT,1,1,1,1,1
2006,MX,10,6,12,10,7
2006,NL,265,136,359,127,108
2006,NO,53,22,93,43,45
2006,PL,10,3,22,11,16
2006,PT,11,2,24,19,14
2006,RO,2,0,4,2,4
2006,RU,7,1,14,11,7
2006,SE,134,65,193,91,70
2006,SI,8,4,15,6,11
2006,SK,3,2,5,4,3
2006,TR,12,8,30,8,22
2006,TW,38,14,59,31,31
2006,US,3096,1481,4437,1590,236
2006,ZA,17,9,35,22,17
2007,AT,137,78,195,100,86
2007,AU,90,40,150,80,76
2007,BE,138,64,188,78,47
2007,BR,25,15,31,22,19
2007,CA,207,93,350,152,89
2007,CH,294,144,504,174,136
2007,CN,127,72,207,99,70
2007,CY,4,1,7,4,6
2007,CZ,13,6,48,19,23
2007,DE,1999,1219,3065,843,225
2007,DK,148,91,240,73,64
2007,EE,2,2,5,2,5
2007,ES,131,49,221,128,79
2007,FI,93,56,131,49,69
2007,FR,732,473,1146,407,165
2007,GB,446,212,712,321,147
2007,GR,15,8,55,21,21
2007,HR,3,0,11,5,5
2007,HU,5,1,12,7,8
2007,IE,38,19,61,34,29
2007,IN,20,8,24,18,11
2007,IT,278,134,474,254,130
2007,JP,2229,1278,4184,821,179
2007,KR,482,324,696,227,90
2007,LT,2,2,3,1,2
2007,LU,32,22,53,16,29
2007,LV,1,0,3,1,3
2007,MT,3,1,5,2,3
2007,MX,9,6,14,8,10
2007,NL,318,154,456,143,118
2007,NO,48,18,84,43,46
2007,PL,3,1,3,3,2
2007,PT,11,6,53,14,25
2007,RO,1,0,2,2,1
2007,RU,23,7,52,32,23
2007,SE,177,95,243,101,76
2007,SI,1,0,2,1,2
2007,SK,1,0,2,1,2
2007,TR,7,6,11,5,9
2007,TW,78,30,138,60,46
2007,US,3227,1492,4909,1680,248
2007,ZA,14,7,19,14,14
2008,AT,142,87,218,108,85
2008,AU,94,37,167,100,78
2008,BE,201,100,289,111,79
2008,BG,1,1,1,1,1
2008,BR,35,19,60,35,34
2008,CA,215,106,305,145,96
2008,CH,378,187,611,195,146
2008,CN,154,78,243,111,70
2008,CY,5,0,9,5,9
2008,CZ,17,12,32,19,23
2008,DE,2348,1477,4030,919,242
2008,DK,224,138,363,99,96
2008,EE,2,2,3,2,3
2008,ES,155,52,313,144,90
2008,FI,130,70,199,72,75
2008,FR,930,584,1485,484,177
2008,GB,422,236,670,289,149
2008,GR,12,3,26,15,14
2008,HR,3,2,4,3,4
2008,HU,10,6,43,18,27
2008,ID,1,1,1,1,1
2008,IE,46,23,95,32,41
2008,IN,30,14,46,26,25
2008,IT,354,177,674,312,159
2008,JP,2573,1558,4757,843,188
2008,KR,533,329,801,225,99
2008,LU,27,16,44,17,23
2008,LV,2,0,4,3,3
2008,MT,2,0,4,1,3
2008,MX,8,4,19,9,10
2008,NL,361,184,539,153,118
2008,NO,64,28,103,55,47
2008,PL,24,7,43,17,25
2008,PT,9,2,12,10,8
2008,RO,2,0,4,2,4
2008,RU,20,4,48,23,30
2008,SE,212,137,321,117,90
2008,SI,2,0,3,2,3
2008,SK,2,0,3,3,2
2008,TR,13,6,20,11,17
2008,TW,88,32,114,76,44
2008,US,3311,1592,5704,1665,243
2008,ZA,15,9,28,16,19
2009,AT,176,93,290,129,97
2009,AU,93,24,187,86,83
2009,BE,153,81,237,95,72
2009,BG,3,1,12,7,6
2009,BR,25,13,41,24,24
2009,CA,225,127,375,141,107
2009,CH,461,255,828,219,152
2009,CN,203,118,300,145,90
2009,CY,13,9,22,6,15
2009,CZ,15,8,30,19,20
2009,DE,2498,1516,3973,1007,239
2009,DK,264,169,414,102,86
2009,EE,5,4,12,8,9
2009,ES,168,69,305,150,96
2009,FI,140,77,212,86,82
2009,FR,961,626,1586,516,181
2009,GB,500,261,845,346,168
2009,GR,6,3,10,6,9
2009,HU,13,8,28,16,20
2009,ID,1,1,1,1,1
2009,IE,44,24,104,35,46
2009,IN,35,14,64,42,28
2009,IT,280,134,499,257,143
2009,JP,2494,1486,4644,818,210
2009,KR,550,344,837,237,96
2009,LT,2,1,4,4,2
2009,LU,29,17,52,21,27
2009,MT,6,2,8,5,6
2009,MX,6,1,7,7,6
2009,NL,390,200,567,170,125
2009,NO,67,34,100,64,39
2009,PL,34,19,60,35,33
2009,PT,14,3,30,16,18
2009,RO,2,0,2,1,1
2009,RU,21,9,29,21,17
2009,SE,230,152,347,117,95
2009,SI,3,1,3,3,3
2009,SK,1,0,1,1,1
2009,TR,15,7,22,13,15
2009,TW,126,54,201,111,71
2009,US,3420,1577,5557,1709,253
2009,ZA,11,6,14,11,12
2010,AT,171,102,323,126,101
2010,AU,91,26,171,82,81
2010,BE,200,113,300,111,97
2010,BG,2,1,6,3,4
2010,BR,26,13,46,30,28
2010,CA,246,141,490,183,131
2010,CH,508,294,830,215,154
2010,CN,391,218,626,245,121
2010,CY,5,2,19,5,7
2010,CZ,12,7,20,13,13
2010,DE,2981,1747,5060,1049,242
2010,DK,290,211,471,95,88
2010,EE,5,1,14,5,12
2010,ES,229,95,392,167,108
2010,FI,188,113,286,104,95
2010,FR,1097,715,1982,585,198
2010,GB,522,304,871,346,170
2010,GR,9,4,22,10,17
2010,HR,5,1,6,5,3
2010,HU,12,7,32,17,16
2010,ID,1,1,1,1,1
2010,IE,51,32,102,34,44
2010,IN,53,27,91,47,45
2010,IT,363,226,674,308,159
2010,JP,3161,1874,5902,924,228
2010,KR,946,645,1611,316,155
2010,LT,1,1,1,1,1
2010,LU,56,31,78,33,36
2010,LV,6,2,9,5,8
2010,MT,2,1,7,2,7
2010,MX,7,5,12,6,9
2010,NL,445,231,675,183,143
2010,NO,97,53,149,72,53
2010,PL,22,12,30,22,24
2010,PT,9,2,15,9,13
2010,RO,5,3,11,5,10
2010,RU,21,10,38,29,24
2010,SE,261,167,393,119,101
2010,SI,8,5,10,7,8
2010,SK,2,1,3,2,3
2010,TR,18,10,20,15,15
2010,TW,139,50,231,105,73
2010,US,3883,1846,6485,1879,272
2010,ZA,14,8,37,15,25
2011,AT,198,132,333,146,99
2011,AU,114,53,198,108,81
2011,BE,203,113,288,103,82
2011,BG,2,1,4,2,4
2011,BR,28,12,57,34,25
2011,CA,236,119,405,169,117
2011,CH,546,307,907,228,176
2011,CN,409,244,762,283,127
2011,CY,3,2,4,3,4
2011,CZ,13,7,24,13,19
2011,DE,3305,2038,5626,1085,262
2011,DK,320,237,502,89,102
2011,EE,10,6,17,7,11
2011,ES,193,92,381,163,101
2011,FI,233,135,372,110,105
2011,FR,1085,688,1955,541,196
2011,GB,539,305,929,367,171
2011,GR,6,4,13,8,10
2011,HR,3,2,8,6,5
2011,HU,16,7,36,19,29
2011,IE,54,31,106,40,66
2011,IN,54,26,89,48,39
2011,IT,335,208,613,269,158
2011,JP,4008,2422,8621,1083,217
2011,KR,1063,749,1889,320,148
2011,LT,3,1,3,3,3
2011,LU,58,30,94,27,46
2011,MT,3,2,5,2,3
2011,MX,15,9,18,12,10
2011,NL,393,224,654,180,140
2011,NO,86,49,133,73,66
2011,PL,31,9,63,37,33
2011,PT,19,11,48,19,36
2011,RO,4,3,14,6,7
2011,RU,21,9,43,28,24
2011,SE,372,243,580,151,104
2011,SI,5,3,8,6,7
2011,SK,3,1,11,4,5
2011,TR,28,20,48,28,27
2011,TW,168,69,283,125,73
2011,US,3827,1922,6320,1794,275
2011,ZA,18,8,32,16,22
2012,AT,237,153,412,132,109
2012,AU,101,44,196,90,105
2012,BE,237,132,365,117,109
2012,BG,5,2,9,7,7
2012,BR,30,11,77,40,28
2012,CA,237,132,401,159,118
2012,CH,565,315,978,242,177
2012,CN,467,303,1179,262,131
2012,CY,5,0,8,5,7
2012,CZ,20,6,34,18,27
2012,DE,3229,2107,5469,1031,253
2012,DK,355,240,535,125,94
2012,EE,1,1,2,1,2
2012,ES,175,100,321,133,96
2012,FI,212,130,308,100,98
2012,FR,1250,881,2402,546,205
2012,GB,590,365,996,325,178
2012,GR,11,5,31,12,23
2012,HR,2,0,5,3,3
2012,HU,19,11,55,25,27
2012,IE,45,22,68,33,39
2012,IN,75,45,108,54,54
2012,IT,383,250,681,307,157
2012,JP,3723,2371,7988,1080,233
2012,KR,1077,745,1949,319,154
2012,LT,2,2,2,2,2
2012,LU,57,41,82,35,40
2012,LV,2,1,5,2,5
2012,MT,1,0,1,1,1
2012,MX,13,7,17,11,11
2012,NL,434,245,712,174,155
2012,NO,62,44,98,47,50
2012,PL,52,22,111,51,55
2012,PT,8,4,14,8,11
2012,RO,10,4,15,7,10
2012,RU,36,14,69,36,41
2012,SE,339,235,507,118,99
2012,SI,7,5,10,8,6
2012,SK,6,3,16,5,15
2012,TR,15,9,26,19,14
2012,TW,180,77,280,111,72
2012,US,4027,2168,7170,1835,269
2012,ZA,14,7,20,13,16
2013,AT,230,156,354,142,105
2013,AU,97,42,175,83,72
2013,BE,204,120,342,102,115
2013,BG,4,1,6,4,6
2013,BR,21,10,29,25,14
2013,CA,264,151,451,180,130
2013,CH,563,324,917,239,170
2013,CN,491,347,756,244,136
2013,CY,1,0,1,1,1
2013,CZ,12,8,20,12,17
2013,DE,2837,1872,4684,940,248
2013,DK,270,182,410,102,85
2013,EE,5,2,8,5,8
2013,ES,208,124,337,146,99
2013,FI,223,148,313,101,109
2013,FR,1229,856,2369,566,227
2013,GB,656,409,1069,344,181
2013,GR,8,5,14,13,9
2013,HR,6,3,11,8,9
2013,HU,17,12,40,17,22
2013,IE,45,26,102,27,56
2013,IN,52,35,76,42,46
2013,IT,374,253,625,279,153
2013,JP,3308,2239,6860,939,229
2013,KR,1113,791,1929,294,150
2013,LU,34,13,58,24,36
2013,LV,14,6,21,11,10
2013,MT,4,0,4,3,4
2013,MX,10,4,15,9,13
2013,NL,455,277,683,183,136
2013,NO,57,36,84,48,51
2013,PL,38,22,57,40,40
2013,PT,12,7,25,16,15
2013,RO,5,3,8,5,7
2013,RU,31,14,54,35,27
2013,SE,444,286,791,137,116
2013,SI,6,4,11,6,10
2013,SK,5,2,14,6,13
2013,TR,26,9,42,18,23
2013,TW,127,52,213,92,66
2013,US,4835,2767,7515,1915,258
2013,ZA,16,13,18,13,16
2014,AT,224,152,335,135,108
2014,AU,98,46,162,76,71
2014,BE,201,134,311,102,89
2014,BG,6,4,9,7,7
2014,BR,30,16,67,29,34
2014,CA,257,154,382,177,120
2014,CH,495,292,816,211,162
2014,CN,717,515,1252,352,158
2014,CY,5,2,5,3,2
2014,CZ,12,7,16,13,15
2014,DE,2633,1782,4414,833,246
2014,DK,289,202,453,105,94
2014,EE,6,4,7,4,4
2014,ES,168,109,285,142,90
2014,FI,227,153,368,99,98
2014,FR,1234,884,2334,578,201
2014,GB,707,425,1127,370,175
2014,GR,13,9,34,17,23
2014,HU,12,9,20,11,13
2014,IE,59,33,91,39,46
2014,IN,66,38,102,49,47
2014,IT,343,258,679,296,169
2014,JP,2973,2067,6225,899,219
2014,KR,1196,871,2019,288,143
2014,LT,6,4,6,5,5
2014,LU,29,19,45,19,30
2014,LV,3,1,6,5,4
2014,MT,5,1,8,3,6
2014,MX,12,7,16,11,15
2014,NL,406,247,587,156,124
2014,NO,61,41,89,51,53
2014,PL,48,19,104,56,52
2014,PT,12,4,25,15,15
2014,RO,2,1,8,3,5
2014,RU,41,24,72,35,34
2014,SE,380,278,586,125,122
2014,SI,8,4,12,9,9
2014,SK,5,4,13,7,10
2014,TR,22,11,30,14,18
2014,TW,99,54,185,82,57
2014,US,4590,2692,7431,1965,269
2014,ZA,15,13,24,13,21
2015,AT,224,161,350,127,110
2015,AU,102,38,193,91,90
2015,BE,191,122,302,107,87
2015,BG,3,3,5,3,5
2015,BR,21,13,29,21,20
2015,CA,230,137,345,166,105
2015,CH,532,309,800,228,157
2015,CN,685,458,1057,338,145
2015,CY,3,1,3,1,1
2015,CZ,19,14,27,21,17
2015,DE,2508,1648,4040,857,234
2015,DK,310,216,513,107,106
2015,EE,2,0,3,2,3
2015,ES,176,108,341,153,105
2015,FI,206,129,309,93,97
2015,FR,1231,861,2206,605,211
2015,GB,672,375,1026,334,176
2015,GR,5,2,16,6,14
2015,HR,1,1,1,1,1
2015,HU,12,5,27,15,15
2015,ID,1,1,1,1,1
2015,IE,41,23,58,28,33
2015,IN,66,39,111,49,51
2015,IT,315,227,504,259,141
2015,JP,3035,2153,5466,883,234
2015,KR,1047,784,1714,273,150
2015,LT,3,1,9,3,9
2015,LU,34,22,69,18,44
2015,LV,3,2,3,3,3
2015,MT,6,2,7,6,5
2015,MX,8,5,11,5,6
2015,NL,451,273,646,156,129
2015,NO,66,38,117,57,48
2015,PL,62,24,117,61,66
2015,PT,22,16,46,22,34
2015,RO,5,2,9,8,4
2015,RU,38,21,53,25,24
2015,SE,369,256,550,117,118
2015,SI,7,5,13,8,11
2015,SK,3,3,3,3,3
2015,TR,25,13,47,22,30
2015,TW,137,68,195,95,52
2015,US,4275,2389,6437,1765,268
2015,ZA,21,10,28,19,17
2016,AT,227,135,347,120,101
2016,AU,106,44,201,86,87
2016,BE,223,125,322,106,91
2016,BG,5,5,5,4,4
2016,BR,20,9,30,23,23
2016,CA,253,144,388,170,108
2016,CH,457,259,725,212,166
2016,CN,819,510,1288,417,149
2016,CY,3,2,5,3,5
2016,CZ,15,7,21,14,16
2016,DE,2427,1473,3804,804,228
2016,DK,322,223,489,102,94
2016,EE,6,3,8,5,6
2016,ES,168,97,284,149,95
2016,FI,176,115,268,91,91
2016,FR,1122,756,1964,558,201
2016,GB,700,381,1097,366,197
2016,GR,8,7,12,9,10
2016,HR,5,3,6,5,6
2016,HU,14,8,39,16,17
2016,IE,83,42,134,45,80
2016,IN,68,22,110,52,60
2016,IT,375,268,601,286,163
2016,JP,2906,1882,4920,901,219
2016,KR,1254,916,2090,294,158
2016,LT,2,1,3,2,3
2016,LU,39,23,62,21,30
2016,LV,1,1,4,4,1
2016,MT,6,4,11,6,11
2016,MX,13,6,25,13,21
2016,NL,462,257,636,172,144
2016,NO,76,47,126,58,63
2016,PL,37,23,80,33,49
2016,PT,22,10,59,25,32
2016,RO,2,1,2,2,2
2016,RU,35,16,52,35,23
2016,SE,350,234,539,129,114
2016,SI,10,5,18,10,17
2016,SK,9,5,27,10,15
2016,TR,36,22,43,30,31
2016,TW,121,61,225,97,58
2016,US,4606,2309,6811,1784,276
2016,ZA,12,7,24,11,21
2017,AT,197,120,278,134,101
2017,AU,122,30,191,102,103
2017,BE,198,93,335,104,92
2017,BG,4,2,10,4,10
2017,BR,22,12,29,19,18
2017,CA,248,124,407,162,111
2017,CH,507,246,833,235,168
2017,CN,1254,644,1981,548,166
2017,CY,1,0,1,1,1
2017,CZ,18,8,35,25,25
2017,DE,2653,1529,4283,879,245
2017,DK,427,267,653,110,106
2017,EE,8,4,17,8,14
2017,ES,168,82,330,139,113
2017,FI,189,97,283,98,102
2017,FR,1018,624,1757,492,196
2017,GB,566,276,843,354,153
2017,GR,7,1,17,13,8
2017,HR,4,2,5,3,3
2017,HU,14,5,27,14,14
2017,IE,45,26,65,29,47
2017,IN,69,18,102,61,43
2017,IT,331,225,486,266,145
2017,JP,2885,1554,4923,840,220
2017,KR,1350,859,2347,283,161
2017,LT,3,1,3,3,3
2017,LU,37,23,48,23,33
2017,LV,1,0,2,1,2
2017,MT,8,6,12,1,2
2017,MX,15,7,18,13,14
2017,NL,448,253,617,180,155
2017,NO,111,62,184,78,61
2017,PL,33,19,51,32,32
2017,PT,24,13,37,19,30
2017,RO,4,0,5,4,5
2017,RU,43,16,95,39,35
2017,SE,418,233,620,154,116
2017,SI,7,3,18,7,18
2017,SK,9,4,17,9,13
2017,TR,55,26,99,26,50
2017,TW,119,58,207,85,55
2017,US,4479,2056,6547,1873,265
2017,ZA,8,6,13,8,10
2018,AT,209,93,333,135,112
2018,AU,105,6,190,87,92
2018,BE,225,107,345,110,86
2018,BG,1,0,1,1,1
2018,BR,24,8,47,28,35
2018,CA,266,58,420,178,121
2018,CH,445,176,732,208,158
2018,CN,1572,591,2647,634,175
2018,CY,1,1,1,1,1
2018,CZ,16,8,31,19,25
2018,DE,2812,1314,4701,907,243
2018,DK,479,215,696,105,88
2018,EE,4,0,12,3,10
2018,ES,197,81,322,164,111
2018,FI,167,64,271,85,104
2018,FR,1136,619,2004,550,196
2018,GB,588,210,871,335,159
2018,GR,6,1,12,10,8
2018,HR,4,1,9,4,9
2018,HU,16,9,23,16,20
2018,IE,50,14,80,39,54
2018,IN,55,11,78,41,46
2018,IT,334,216,572,267,147
2018,JP,2846,1061,4549,840,219
2018,KR,1544,772,2395,266,148
2018,LT,1,0,2,1,2
2018,LU,23,12,32,16,23
2018,LV,1,0,5,1,5
2018,MT,6,0,9,5,7
2018,MX,11,2,13,10,11
2018,NL,424,181,632,185,142
2018,NO,106,37,149,75,67
2018,PL,47,23,105,54,45
2018,PT,17,7,29,22,21
2018,RO,1,1,1,1,1
2018,RU,51,9,83,38,39
2018,SE,387,163,589,148,131
2018,SI,12,9,17,11,15
2018,SK,6,2,11,6,11
2018,TR,48,17,87,31,46
2018,TW,134,60,208,101,60
2018,US,4174,1363,5956,1703,264
2018,ZA,8,2,11,9,10
2019,AT,268,91,421,127,107
2019,AU,112,2,182,94,74
2019,BE,209,59,295,111,96
2019,BG,4,1,5,4,5
2019,BR,33,4,54,25,31
2019,CA,276,35,458,192,116
2019,CH,554,149,924,228,181
2019,CN,1875,534,2750,659,157
2019,CY,1,1,4,1,4
2019,CZ,21,5,42,22,31
2019,DE,2846,933,4788,913,247
2019,DK,563,195,862,108,113
2019,EE,6,1,11,6,8
2019,ES,218,64,402,175,109
2019,FI,203,47,315,102,112
2019,FR,1264,518,2141,516,204
2019,GB,760,200,1066,328,166
2019,GR,10,2,24,11,16
2019,HR,1,1,1,1,1
2019,HU,11,1,22,11,20
2019,ID,1,0,2,2,1
2019,IE,59,12,87,38,44
2019,IN,67,7,94,50,41
2019,IT,377,152,661,275,145
2019,JP,3043,695,4846,750,218
2019,KR,1574,408,2404,293,159
2019,LT,3,1,9,4,6
2019,LU,41,9,50,16,30
2019,LV,5,2,6,5,6
2019,MT,2,1,2,2,1
2019,MX,7,2,9,7,9
2019,NL,434,143,669,195,156
2019,NO,102,27,172,72,65
2019,PL,27,8,45,30,30
2019,PT,25,2,38,26,25
2019,RO,6,1,8,6,8
2019,RU,35,2,71,38,36
2019,SE,416,109,639,154,120
2019,SI,15,4,17,13,12
2019,SK,3,1,8,3,8
2019,TR,56,16,77,32,38
2019,TW,137,41,324,94,73
2019,US,4084,970,5780,1691,257
2019,ZA,14,4,27,14,22
2020,AT,321,56,477,161,115
2020,AU,110,0,171,86,79
2020,BE,211,45,275,126,81
2020,BG,7,0,8,7,8
2020,BR,31,1,51,23,21
2020,CA,284,22,469,211,124
2020,CH,578,57,883,246,179
2020,CN,2428,291,3484,805,187
2020,CY,5,0,7,5,7
2020,CZ,24,6,38,24,21
2020,DE,2883,465,4689,1045,246
2020,DK,554,64,860,96,113
2020,EE,4,0,7,4,7
2020,ES,205,30,342,137,96
2020,FI,199,22,330,100,107
2020,FR,1458,304,2307,600,196
2020,GB,679,84,1100,342,152
2020,GR,13,2,34,17,21
2020,HR,2,1,2,2,2
2020,HU,14,2,23,17,15
2020,IE,63,9,101,36,62
2020,IN,81,4,120,55,62
2020,IT,361,88,582,269,151
2020,JP,2664,294,3988,743,208
2020,KR,1773,211,2604,330,140
2020,LT,7,2,12,6,9
2020,LU,33,7,46,21,25
2020,LV,6,3,13,6,10
2020,MT,7,1,8,7,8
2020,MX,11,0,18,10,10
2020,NL,442,67,628,209,139
2020,NO,114,5,214,75,84
2020,PL,43,14,54,41,38
2020,PT,30,3,53,32,32
2020,RO,7,1,12,7,12
2020,RU,30,2,47,33,21
2020,SE,411,43,622,141,127
2020,SI,12,1,22,10,17
2020,SK,8,1,12,8,12
2020,TR,45,5,68,30,44
2020,TW,105,31,147,84,52
2020,US,3862,437,5531,1706,258
2020,ZA,8,1,11,8,11
2021,AT,205,13,282,102,86
2021,AU,89,0,150,76,74
2021,BE,162,8,230,105,75
2021,BG,4,1,5,5,4
2021,BR,26,0,54,27,23
2021,CA,220,4,310,160,101
2021,CH,382,9,515,180,132
2021,CN,2007,76,3031,772,149
2021,CY,3,0,7,2,5
2021,CZ,23,1,39,21,32
2021,DE,2144,88,3460,836,232
2021,DK,528,4,759,85,96
2021,EE,2,0,7,2,7
2021,ES,277,5,443,163,88
2021,FI,141,7,222,72,83
2021,FR,1135,109,1910,547,183
2021,GB,593,18,892,277,145
2021,GR,14,0,16,12,13
2021,HR,8,0,8,2,2
2021,HU,3,0,11,5,5
2021,IE,55,0,74,34,52
2021,IN,90,2,142,58,53
2021,IT,361,30,564,271,137
2021,JP,2165,125,3297,628,204
2021,KR,2043,50,2882,297,133
2021,LU,25,0,41,17,28
2021,LV,2,0,5,4,3
2021,MT,2,1,4,2,4
2021,MX,5,0,9,5,7
2021,NL,407,8,627,179,131
2021,NO,101,0,176,82,75
2021,PL,41,4,72,37,46
2021,PT,18,0,35,18,26
2021,RO,2,0,4,2,4
2021,RU,6,0,9,7,5
2021,SE,319,7,489,133,100
2021,SI,2,0,2,2,2
2021,SK,5,0,8,5,8
2021,TR,29,1,39,28,30
2021,TW,129,9,189,71,46
2021,US,3387,116,4996,1659,249
2021,ZA,10,0,13,11,9
2022,AT,17,0,20,9,11
2022,AU,4,0,5,4,5
2022,BE,16,0,16,10,10
2022,CA,70,0,74,16,19
2022,CH,35,2,47,26,30
2022,CN,522,8,753,223,91
2022,CZ,5,0,5,5,3
2022,DE,296,4,372,154,78
2022,DK,29,1,32,16,13
2022,EE,1,0,3,1,3
2022,ES,44,0,58,22,23
2022,FI,20,0,21,12,12
2022,FR,201,7,269,92,69
2022,GB,96,1,111,26,28
2022,GR,2,0,3,3,2
2022,HR,2,0,2,1,1
2022,HU,1,0,2,1,2
2022,IE,6,0,6,6,6
2022,IN,16,0,20,11,18
2022,IT,136,2,186,103,56
2022,JP,662,14,909,149,84
2022,KR,859,2,1176,110,64
2022,LT,1,0,1,1,1
2022,LU,6,0,6,3,4
2022,MX,1,0,1,1,1
2022,NL,30,0,56,24,24
2022,NO,5,1,11,4,8
2022,PL,20,0,40,21,19
2022,PT,3,0,5,3,5
2022,RO,2,0,2,2,2
2022,RU,2,0,2,2,2
2022,SE,35,1,55,17,17
2022,SI,3,0,3,3,3
2022,SK,2,0,3,2,3
2022,TR,4,0,5,3,4
2022,TW,98,0,129,63,37
2022,US,654,0,775,182,99
2023,CA,1,0,4,1,4
2023,CH,2,0,4,1,2
2023,CN,13,0,23,17,15
2023,DE,3,0,3,3,3
2023,ES,2,0,2,2,1
2023,FI,1,0,1,1,1
2023,FR,5,0,8,6,6
2023,GB,2,0,2,2,2
2023,HU,1,0,1,1,1
2023,IN,1,0,1,1,1
2023,IT,2,0,6,2,6
2023,JP,5,0,5,5,3
2023,KR,31,0,35,7,4
2023,NL,1,0,1,1,1
2023,TW,2,0,3,3,2
2023,US,24,0,27,14,16
