year,country,n_applications_all,n_granted_all,n_applications_ep,n_granted_ep,n_auth
2010,AT,1305,704,171,102,39
2010,BE,1116,545,200,113,46
2010,BG,24,12,2,1,5
2010,CY,27,12,5,2,6
2010,CZ,196,139,12,7,17
2010,DE,18575,7998,2981,1747,59
2010,DK,1642,949,290,211,38
2010,EE,24,11,5,1,6
2010,ES,1634,919,229,95,47
2010,FI,1177,680,188,113,42
2010,FR,7160,4365,1097,715,63
2010,GR,142,77,9,4,12
2010,HR,44,14,5,1,16
2010,HU,169,60,12,7,22
2010,IE,337,181,51,32,35
2010,IT,2026,1236,363,226,45
2010,LT,19,14,1,1,3
2010,LU,346,195,56,31,35
2010,LV,45,27,6,2,14
2010,MT,21,14,2,1,17
2010,NL,2492,1255,445,231,43
2010,PL,388,208,22,12,22
2010,PT,106,48,9,2,17
2010,RO,149,75,5,3,12
2010,SE,1499,846,261,167,41
2010,SI,45,22,8,5,8
2010,SK,55,39,2,1,6
2011,AT,1388,800,198,132,42
2011,BE,1306,641,203,113,44
2011,BG,45,22,2,1,6
2011,CY,20,10,3,2,8
2011,CZ,285,192,13,7,29
2011,DE,19793,8820,3305,2038,60
2011,DK,1707,977,320,237,39
2011,EE,47,25,10,6,11
2011,ES,1577,904,193,92,43
2011,FI,1305,735,233,135,37
2011,FR,7217,4307,1085,688,59
2011,GR,140,73,6,4,15
2011,HR,27,9,3,2,6
2011,HU,195,72,16,7,30
2011,IE,345,202,54,31,33
2011,IT,1570,860,335,208,48
2011,LT,14,7,3,1,4
2011,LU,362,193,58,30,34
2011,LV,12,11,0,0,3
2011,MT,33,20,3,2,25
2011,NL,2075,1077,393,224,50
2011,PL,442,202,31,9,19
2011,PT,128,58,19,11,18
2011,RO,160,72,4,3,5
2011,SE,1810,939,372,243,41
2011,SI,30,12,5,3,5
2011,SK,68,36,3,1,8
2012,AT,1594,929,237,153,45
2012,BE,1301,672,237,132,44
2012,BG,52,31,5,2,8
2012,CY,16,6,5,0,9
2012,CZ,310,217,20,6,33
2012,DE,19637,8800,3229,2107,58
2012,DK,1906,1082,355,240,40
2012,EE,17,11,1,1,11
2012,ES,1411,837,175,100,44
2012,FI,1250,682,212,130,41
2012,FR,7974,4838,1250,881,48
2012,GR,118,56,11,5,17
2012,HR,26,6,2,0,6
2012,HU,192,89,19,11,24
2012,IE,324,178,45,22,29
2012,IT,1796,965,383,250,47
2012,LT,19,12,2,2,5
2012,LU,367,191,57,41,52
2012,LV,24,19,2,1,6
2012,MT,5,0,1,0,5
2012,NL,2102,1030,434,245,49
2012,PL,561,279,52,22,23
2012,PT,100,42,8,4,17
2012,RO,116,55,10,4,9
2012,SE,1787,976,339,235,44
2012,SI,44,26,7,5,11
2012,SK,85,56,6,3,27
2013,AT,1367,820,230,156,44
2013,BE,1007,558,204,120,43
2013,BG,51,30,4,1,10
2013,CY,14,6,1,0,10
2013,CZ,196,141,12,8,25
2013,DE,17566,7896,2837,1872,59
2013,DK,1478,916,270,182,36
2013,EE,17,9,5,2,9
2013,ES,1312,814,208,124,39
2013,FI,1301,781,223,148,43
2013,FR,7597,4718,1229,856,53
2013,GR,101,53,8,5,15
2013,HR,37,13,6,3,12
2013,HU,128,63,17,12,24
2013,IE,271,151,45,26,24
2013,IT,1602,879,374,253,50
2013,LT,14,12,0,0,3
2013,LU,233,118,34,13,42
2013,LV,34,21,14,6,7
2013,MT,12,1,4,0,5
2013,NL,2222,1220,455,277,50
2013,PL,553,267,38,22,28
2013,PT,81,39,12,7,15
2013,RO,109,44,5,3,12
2013,SE,2038,1038,444,286,39
2013,SI,48,31,6,4,12
2013,SK,70,42,5,2,14
2014,AT,1338,774,224,152,42
2014,BE,1178,676,201,134,47
2014,BG,51,29,6,4,10
2014,CY,42,23,5,2,14
2014,CZ,179,122,12,7,22
2014,DE,16959,7460,2633,1782,61
2014,DK,1462,844,289,202,39
2014,EE,45,29,6,4,18
2014,ES,1293,796,168,109,43
2014,FI,1237,706,227,153,40
2014,FR,7158,4415,1234,884,53
2014,GR,122,61,13,9,18
2014,HR,8,3,0,0,4
2014,HU,108,50,12,9,20
2014,IE,317,165,59,33,28
2014,IT,1599,897,343,258,50
2014,LT,29,16,6,4,9
2014,LU,272,147,29,19,46
2014,LV,21,11,3,1,10
2014,MT,18,5,5,1,10
2014,NL,2156,1190,406,247,50
2014,PL,496,234,48,19,23
2014,PT,64,26,12,4,13
2014,RO,109,46,2,1,13
2014,SE,1924,1091,380,278,43
2014,SI,41,21,8,4,9
2014,SK,65,41,5,4,19
2015,AT,1364,787,224,161,42
2015,BE,1163,674,191,122,48
2015,BG,58,37,3,3,8
2015,CY,33,6,3,1,14
2015,CZ,199,136,19,14,37
2015,DE,15849,6712,2508,1648,55
2015,DK,1651,941,310,216,42
2015,EE,20,9,2,0,8
2015,ES,1186,732,176,108,40
2015,FI,1093,654,206,129,41
2015,FR,7359,4536,1231,861,50
2015,GR,84,40,5,2,9
2015,HR,11,5,1,1,5
2015,HU,118,45,12,5,20
2015,IE,316,178,41,23,34
2015,IT,1587,878,315,227,49
2015,LT,9,6,3,1,4
2015,LU,346,196,34,22,37
2015,LV,16,11,3,2,6
2015,MT,30,14,6,2,12
2015,NL,2198,1250,451,273,49
2015,PL,598,284,62,24,24
2015,PT,145,83,22,16,23
2015,RO,105,42,5,2,7
2015,SE,1939,1096,369,256,40
2015,SI,38,22,7,5,19
2015,SK,75,50,3,3,17
2016,AT,1258,698,227,135,43
2016,BE,1247,674,223,125,46
2016,BG,63,42,5,5,14
2016,CY,27,15,3,2,16
2016,CZ,159,116,15,7,25
2016,DE,15561,6020,2427,1473,55
2016,DK,1514,869,322,223,41
2016,EE,36,20,6,3,10
2016,ES,1152,683,168,97,44
2016,FI,1095,594,176,115,41
2016,FR,6412,3681,1122,756,50
2016,GR,100,50,8,7,19
2016,HR,27,12,5,3,5
2016,HU,112,33,14,8,20
2016,IE,443,232,83,42,32
2016,IT,1589,775,375,268,52
2016,LT,15,8,2,1,5
2016,LU,283,148,39,23,33
2016,LV,22,13,1,1,8
2016,MT,35,12,6,4,12
2016,NL,2415,1250,462,257,48
2016,PL,552,271,37,23,24
2016,PT,124,41,22,10,19
2016,RO,95,36,2,1,10
2016,SE,1793,980,350,234,41
2016,SI,68,39,10,5,23
2016,SK,64,38,9,5,14
2017,AT,1112,625,197,120,38
2017,BE,1118,524,198,93,42
2017,BG,48,30,4,2,17
2017,CY,4,1,1,0,4
2017,CZ,218,146,18,8,30
2017,DE,16368,6294,2653,1529,57
2017,DK,1981,1109,427,267,40
2017,EE,33,19,8,4,15
2017,ES,1060,559,168,82,41
2017,FI,1117,586,189,97,42
2017,FR,5933,3415,1018,624,45
2017,GR,74,35,7,1,9
2017,HR,40,21,4,2,15
2017,HU,147,55,14,5,28
2017,IE,293,153,45,26,26
2017,IT,1540,666,331,225,39
2017,LT,12,8,3,1,5
2017,LU,256,145,37,23,33
2017,LV,14,6,1,0,5
2017,MT,40,17,8,6,13
2017,NL,2116,1075,448,253,43
2017,PL,510,277,33,19,21
2017,PT,156,56,24,13,21
2017,RO,121,51,4,0,8
2017,SE,2057,1061,418,233,40
2017,SI,36,16,7,3,10
2017,SK,71,35,9,4,19
2018,AT,1181,558,209,93,36
2018,BE,1185,544,225,107,47
2018,BG,48,30,1,0,8
2018,CY,16,7,1,1,8
2018,CZ,239,168,16,8,31
2018,DE,16960,5485,2812,1314,46
2018,DK,1866,813,479,215,39
2018,EE,21,5,4,0,7
2018,ES,1131,529,197,81,42
2018,FI,995,440,167,64,36
2018,FR,6263,3341,1136,619,44
2018,GR,60,28,6,1,9
2018,HR,23,8,4,1,11
2018,HU,123,42,16,9,22
2018,IE,340,119,50,14,25
2018,IT,1661,645,334,216,43
2018,LT,11,6,1,0,5
2018,LU,170,80,23,12,24
2018,LV,17,6,1,0,8
2018,MT,23,4,6,0,10
2018,NL,2072,931,424,181,40
2018,PL,522,276,47,23,21
2018,PT,88,36,17,7,18
2018,RO,100,30,1,1,9
2018,SE,1939,818,387,163,39
2018,SI,50,27,12,9,13
2018,SK,97,53,6,2,24
2019,AT,1195,470,268,91,37
2019,BE,1022,327,209,59,40
2019,BG,48,31,4,1,7
2019,CY,17,6,1,1,9
2019,CZ,238,166,21,5,26
2019,DE,16759,4274,2846,933,48
2019,DK,1934,603,563,195,35
2019,EE,35,9,6,1,12
2019,ES,1079,410,218,64,37
2019,FI,1077,333,203,47,40
2019,FR,6576,3096,1264,518,39
2019,GR,65,30,10,2,16
2019,HR,23,12,1,1,5
2019,HU,128,28,11,1,21
2019,IE,405,166,59,12,28
2019,IT,1818,413,377,152,42
2019,LT,15,11,3,1,5
2019,LU,222,60,41,9,21
2019,LV,23,7,5,2,9
2019,MT,14,5,2,1,8
2019,NL,2003,734,434,143,41
2019,PL,426,206,27,8,16
2019,PT,125,24,25,2,18
2019,RO,91,13,6,1,7
2019,SE,1801,543,416,109,42
2019,SI,49,19,15,4,8
2019,SK,61,41,3,1,11
2020,AT,1271,317,321,56,32
2020,BE,938,237,211,45,36
2020,BG,49,22,7,0,5
2020,CY,31,7,5,0,13
2020,CZ,256,152,24,6,21
2020,DE,15329,2523,2883,465,46
2020,DK,1831,294,554,64,29
2020,EE,24,5,4,0,10
2020,ES,1038,399,205,30,28
2020,FI,1005,209,199,22,35
2020,FR,7039,2114,1458,304,38
2020,GR,79,30,13,2,11
2020,HR,30,7,2,1,9
2020,HU,86,27,14,2,24
2020,IE,328,86,63,9,24
2020,IT,1798,236,361,88,38
2020,LT,23,9,7,2,7
2020,LU,189,48,33,7,15
2020,LV,35,10,6,3,14
2020,MT,23,8,7,1,11
2020,NL,1811,442,442,67,36
2020,PL,512,168,43,14,21
2020,PT,123,27,30,3,16
2020,RO,110,27,7,1,20
2020,SE,1584,277,411,43,34
2020,SI,36,8,12,1,6
2020,SK,67,40,8,1,9
2021,AT,915,109,205,13,25
2021,BE,707,82,162,8,24
2021,BG,27,9,4,1,5
2021,CY,11,1,3,0,5
2021,CZ,243,134,23,1,17
2021,DE,9565,1011,2144,88,43
2021,DK,1711,117,528,4,20
2021,EE,20,4,2,0,10
2021,ES,1139,293,277,5,32
2021,FI,774,95,141,7,32
2021,FR,4462,453,1135,109,33
2021,GR,87,36,14,0,14
2021,HR,34,3,8,0,16
2021,HU,65,9,3,0,14
2021,IE,315,36,55,0,18
2021,IT,1482,111,361,30,28
2021,LT,10,4,0,0,5
2021,LU,179,27,25,0,16
2021,LV,12,2,2,0,5
2021,MT,16,3,2,1,8
2021,NL,1606,197,407,8,27
2021,PL,222,56,41,4,15
2021,PT,82,3,18,0,10
2021,RO,85,5,2,0,6
2021,SE,1321,147,319,7,30
2021,SI,14,5,2,0,6
2021,SK,45,24,5,0,10
2022,AT,172,16,17,0,16
2022,BE,232,12,16,0,16
2022,BG,7,4,0,0,6
2022,CY,8,1,0,0,6
2022,CZ,237,198,5,0,15
2022,DE,2378,201,296,4,26
2022,DK,564,19,29,1,14
2022,EE,12,2,1,0,7
2022,ES,610,160,44,0,18
2022,FI,230,15,20,0,16
2022,FR,1188,36,201,7,17
2022,GR,30,8,2,0,10
2022,HR,15,0,2,0,5
2022,HU,22,1,1,0,12
2022,IE,148,10,6,0,12
2022,IT,542,19,136,2,18
2022,LT,3,0,1,0,2
2022,LU,62,14,6,0,8
2022,LV,6,1,0,0,3
2022,MT,2,0,0,0,2
2022,NL,453,14,30,0,17
2022,PL,56,5,20,0,12
2022,PT,20,3,3,0,7
2022,RO,33,0,2,0,4
2022,SE,553,44,35,1,18
2022,SI,8,0,3,0,3
2022,SK,13,9,2,0,6
2023,AT,9,0,0,0,3
2023,BE,13,0,0,0,5
2023,CZ,34,28,0,0,4
2023,DE,127,2,3,0,12
2023,DK,19,0,0,0,6
2023,ES,53,15,2,0,11
2023,FI,13,1,1,0,5
2023,FR,33,0,5,0,6
2023,GR,2,0,0,0,1
2023,HU,1,0,1,0,1
2023,IE,8,0,0,0,2
2023,IT,24,2,2,0,7
2023,LU,1,0,0,0,1
2023,NL,24,0,1,0,9
2023,PL,3,0,0,0,2
2023,PT,2,1,0,0,2
2023,RO,2,0,0,0,1
2023,SE,32,0,0,0,7
2023,SI,1,0,0,0,1
